product_id,competitor_name,our_price,competitor_price,capture_date
FUR-BO-10000112,Target,825.17,891.19,2026-06-07
FUR-BO-10000330,BestBuy,354.87,381.41,2026-06-07
FUR-BO-10000362,Amazon,430.87,439.26,2026-06-07
FUR-BO-10000468,Target,120.64,123.07,2026-06-07
FUR-BO-10000711,Target,425.88,439.94,2026-06-07
FUR-BO-10000780,BestBuy,589.27,551.01,2026-06-07
FUR-BO-10001337,Amazon,297.01,321.63,2026-06-07
FUR-BO-10001519,Amazon,223.84,220.2,2026-06-07
FUR-BO-10001567,Target,90.88,88.76,2026-06-07
FUR-BO-10001601,Walmart,311.73,312.91,2026-06-07
FUR-BO-10001608,Target,314.02,285.57,2026-06-07
FUR-BO-10001619,Target,212.45,198.27,2026-06-07
FUR-BO-10001798,Target,315.99,331.03,2026-06-07
FUR-BO-10001811,Target,686.61,629.32,2026-06-07
FUR-BO-10001918,BestBuy,338.06,345.03,2026-06-07
FUR-BO-10001972,Amazon,391.46,371.52,2026-06-07
FUR-BO-10002202,BestBuy,200.01,195.58,2026-06-07
FUR-BO-10002206,BestBuy,119.83,114.77,2026-06-07
FUR-BO-10002213,BestBuy,1841.1,1787.96,2026-06-07
FUR-BO-10002213,Target,468.76,489.3,2026-06-07
FUR-BO-10002268,Walmart,251.58,241.37,2026-06-07
FUR-BO-10002545,Amazon,942.46,954.98,2026-06-07
FUR-BO-10002598,Walmart,264.05,262.79,2026-06-07
FUR-BO-10002613,BestBuy,864.01,892.29,2026-06-07
FUR-BO-10002824,BestBuy,249.62,271.43,2026-06-07
FUR-BO-10002853,Walmart,135.2,141.49,2026-06-07
FUR-BO-10002916,Walmart,621.94,586.48,2026-06-07
FUR-BO-10003034,Walmart,382.46,346.6,2026-06-07
FUR-BO-10003159,BestBuy,272.83,259.86,2026-06-07
FUR-BO-10003272,BestBuy,570.13,580.97,2026-06-07
FUR-BO-10003404,Amazon,1723.92,1569.26,2026-06-07
FUR-BO-10003433,Amazon,107.4,107.32,2026-06-07
FUR-BO-10003441,BestBuy,245.55,250.31,2026-06-07
FUR-BO-10003450,Walmart,216.46,209.28,2026-06-07
FUR-BO-10003546,Walmart,368.58,388.55,2026-06-07
FUR-BO-10003660,Amazon,243.08,223.95,2026-06-07
FUR-BO-10003893,BestBuy,684.13,626.0,2026-06-07
FUR-BO-10003894,Amazon,267.36,279.56,2026-06-07
FUR-BO-10003965,Amazon,411.73,411.36,2026-06-07
FUR-BO-10003966,Target,356.92,370.37,2026-06-07
FUR-BO-10004015,Target,368.64,363.83,2026-06-07
FUR-BO-10004218,Target,453.25,430.26,2026-06-07
FUR-BO-10004357,Walmart,726.04,772.38,2026-06-07
FUR-BO-10004360,BestBuy,244.69,259.34,2026-06-07
FUR-BO-10004409,BestBuy,143.14,148.71,2026-06-07
FUR-BO-10004467,BestBuy,237.23,226.42,2026-06-07
FUR-BO-10004690,BestBuy,536.17,545.85,2026-06-07
FUR-BO-10004695,Target,698.07,678.66,2026-06-07
FUR-BO-10004709,Walmart,158.54,145.59,2026-06-07
FUR-BO-10004834,Walmart,3122.19,3382.78,2026-06-07
FUR-CH-10000015,Target,1097.44,1017.73,2026-06-07
FUR-CH-10000155,Walmart,588.13,641.09,2026-06-07
FUR-CH-10000225,Target,251.04,248.33,2026-06-07
FUR-CH-10000229,BestBuy,508.09,476.09,2026-06-07
FUR-CH-10000309,Target,1216.83,1227.03,2026-06-07
FUR-CH-10000422,BestBuy,294.2,316.14,2026-06-07
FUR-CH-10000454,BestBuy,886.46,927.63,2026-06-07
FUR-CH-10000513,Amazon,530.07,562.57,2026-06-07
FUR-CH-10000553,Target,137.12,141.47,2026-06-07
FUR-CH-10000595,Amazon,712.22,739.61,2026-06-07
FUR-CH-10000665,Target,439.52,470.22,2026-06-07
FUR-CH-10000749,Target,1103.98,1048.71,2026-06-07
FUR-CH-10000785,Amazon,546.23,545.07,2026-06-07
FUR-CH-10000847,Amazon,771.1,728.1,2026-06-07
FUR-CH-10000863,Target,364.24,399.77,2026-06-07
FUR-CH-10000988,Walmart,529.45,576.47,2026-06-07
FUR-CH-10001146,BestBuy,92.62,84.09,2026-06-07
FUR-CH-10001146,Amazon,197.89,206.03,2026-06-07
FUR-CH-10001190,BestBuy,362.64,393.48,2026-06-07
FUR-CH-10001215,Walmart,1441.71,1349.61,2026-06-07
FUR-CH-10001270,Walmart,298.64,302.7,2026-06-07
FUR-CH-10001394,Walmart,837.36,906.94,2026-06-07
FUR-CH-10001482,Amazon,314.35,285.05,2026-06-07
FUR-CH-10001545,Walmart,281.15,292.25,2026-06-07
FUR-CH-10001708,Amazon,569.96,546.86,2026-06-07
FUR-CH-10001714,Walmart,337.99,366.68,2026-06-07
FUR-CH-10001797,BestBuy,220.3,241.05,2026-06-07
FUR-CH-10001802,BestBuy,322.61,351.27,2026-06-07
FUR-CH-10001854,Target,1096.81,1091.15,2026-06-07
FUR-CH-10001891,BestBuy,236.75,253.89,2026-06-07
FUR-CH-10001973,Target,253.67,271.15,2026-06-07
FUR-CH-10002017,BestBuy,49.02,47.25,2026-06-07
FUR-CH-10002024,Amazon,2733.82,2913.66,2026-06-07
FUR-CH-10002044,BestBuy,347.1,314.96,2026-06-07
FUR-CH-10002073,Target,1357.0,1383.13,2026-06-07
FUR-CH-10002084,Target,541.16,511.94,2026-06-07
FUR-CH-10002126,Walmart,646.55,597.49,2026-06-07
FUR-CH-10002304,Amazon,128.79,117.89,2026-06-07
FUR-CH-10002317,BestBuy,207.18,215.31,2026-06-07
FUR-CH-10002320,Walmart,1620.95,1569.04,2026-06-07
FUR-CH-10002331,BestBuy,1263.73,1320.54,2026-06-07
FUR-CH-10002335,BestBuy,770.68,703.69,2026-06-07
FUR-CH-10002372,Walmart,187.41,180.49,2026-06-07
FUR-CH-10002439,Walmart,264.9,266.99,2026-06-07
FUR-CH-10002602,Walmart,420.0,444.42,2026-06-07
FUR-CH-10002647,Walmart,242.75,233.95,2026-06-07
FUR-CH-10002758,Walmart,634.35,650.32,2026-06-07
FUR-CH-10002774,BestBuy,109.24,117.67,2026-06-07
FUR-CH-10002780,Walmart,300.23,307.19,2026-06-07
FUR-CH-10002880,Amazon,388.3,367.56,2026-06-07
FUR-CH-10002961,Target,239.58,216.79,2026-06-07
FUR-CH-10002965,Walmart,544.47,584.77,2026-06-07
FUR-CH-10003061,Walmart,181.1,163.76,2026-06-07
FUR-CH-10003199,BestBuy,307.04,330.05,2026-06-07
FUR-CH-10003298,Walmart,408.95,411.32,2026-06-07
FUR-CH-10003312,Walmart,880.4,957.71,2026-06-07
FUR-CH-10003379,Walmart,886.6,939.58,2026-06-07
FUR-CH-10003396,BestBuy,177.05,194.68,2026-06-07
FUR-CH-10003535,Walmart,174.56,169.35,2026-06-07
FUR-CH-10003606,Target,235.11,247.67,2026-06-07
FUR-CH-10003746,BestBuy,843.72,827.17,2026-06-07
FUR-CH-10003761,Target,484.63,482.68,2026-06-07
FUR-CH-10003774,BestBuy,297.63,305.22,2026-06-07
FUR-CH-10003817,Walmart,220.49,236.97,2026-06-07
FUR-CH-10003833,Target,210.04,230.38,2026-06-07
FUR-CH-10003846,BestBuy,310.51,327.17,2026-06-07
FUR-CH-10003956,Amazon,230.68,226.89,2026-06-07
FUR-CH-10003968,Walmart,223.59,220.07,2026-06-07
FUR-CH-10003973,BestBuy,1133.87,1187.75,2026-06-07
FUR-CH-10003981,Amazon,631.44,598.45,2026-06-07
FUR-CH-10004063,BestBuy,1083.15,998.77,2026-06-07
FUR-CH-10004086,Amazon,1053.87,1023.23,2026-06-07
FUR-CH-10004218,Walmart,350.06,335.16,2026-06-07
FUR-CH-10004287,Target,890.21,853.94,2026-06-07
FUR-CH-10004289,Amazon,341.41,323.22,2026-06-07
FUR-CH-10004477,BestBuy,242.88,220.64,2026-06-07
FUR-CH-10004495,Walmart,801.36,724.09,2026-06-07
FUR-CH-10004540,Amazon,135.98,149.24,2026-06-07
FUR-CH-10004626,BestBuy,324.53,319.84,2026-06-07
FUR-CH-10004675,BestBuy,744.59,727.36,2026-06-07
FUR-CH-10004698,BestBuy,228.77,236.99,2026-06-07
FUR-CH-10004754,Amazon,114.78,108.31,2026-06-07
FUR-CH-10004853,Amazon,493.2,537.58,2026-06-07
FUR-CH-10004860,Amazon,218.37,230.88,2026-06-07
FUR-CH-10004875,Target,187.74,172.32,2026-06-07
FUR-CH-10004886,Amazon,295.85,290.97,2026-06-07
FUR-CH-10004983,Amazon,837.1,900.57,2026-06-07
FUR-CH-10004997,Amazon,674.85,734.88,2026-06-07
FUR-FU-10000010,Target,17.59,17.48,2026-06-07
FUR-FU-10000023,Amazon,26.31,26.91,2026-06-07
FUR-FU-10000073,BestBuy,41.58,38.81,2026-06-07
FUR-FU-10000076,Amazon,81.25,89.23,2026-06-07
FUR-FU-10000087,BestBuy,51.5,48.74,2026-06-07
FUR-FU-10000175,BestBuy,39.82,43.35,2026-06-07
FUR-FU-10000193,BestBuy,77.95,80.28,2026-06-07
FUR-FU-10000206,Target,6.49,6.63,2026-06-07
FUR-FU-10000221,Target,19.64,19.69,2026-06-07
FUR-FU-10000222,Target,88.35,83.59,2026-06-07
FUR-FU-10000246,Amazon,48.88,45.72,2026-06-07
FUR-FU-10000260,BestBuy,31.15,29.41,2026-06-07
FUR-FU-10000277,Target,337.09,315.95,2026-06-07
FUR-FU-10000293,Target,357.99,378.01,2026-06-07
FUR-FU-10000305,Amazon,156.16,151.48,2026-06-07
FUR-FU-10000308,Target,225.62,205.67,2026-06-07
FUR-FU-10000320,Amazon,13.81,15.11,2026-06-07
FUR-FU-10000397,Walmart,67.8,73.0,2026-06-07
FUR-FU-10000409,Target,32.96,35.78,2026-06-07
FUR-FU-10000448,Walmart,43.94,48.29,2026-06-07
FUR-FU-10000521,Amazon,89.49,83.65,2026-06-07
FUR-FU-10000550,BestBuy,12.12,11.87,2026-06-07
FUR-FU-10000576,Target,772.21,812.09,2026-06-07
FUR-FU-10000629,Amazon,56.88,59.11,2026-06-07
FUR-FU-10000672,BestBuy,51.74,48.16,2026-06-07
FUR-FU-10000719,BestBuy,36.42,38.72,2026-06-07
FUR-FU-10000723,Walmart,123.96,117.13,2026-06-07
FUR-FU-10000732,Amazon,19.02,17.97,2026-06-07
FUR-FU-10000747,BestBuy,143.19,144.25,2026-06-07
FUR-FU-10000755,Target,46.8,47.67,2026-06-07
FUR-FU-10000758,Target,102.74,104.39,2026-06-07
FUR-FU-10000771,Walmart,34.54,31.72,2026-06-07
FUR-FU-10000794,BestBuy,31.08,33.43,2026-06-07
FUR-FU-10000820,Amazon,36.53,34.82,2026-06-07
FUR-FU-10000965,Target,197.37,182.75,2026-06-07
FUR-FU-10001025,BestBuy,17.82,19.21,2026-06-07
FUR-FU-10001037,BestBuy,24.11,26.31,2026-06-07
FUR-FU-10001057,Walmart,74.96,80.39,2026-06-07
FUR-FU-10001085,Target,54.08,57.43,2026-06-07
FUR-FU-10001095,Target,56.93,58.7,2026-06-07
FUR-FU-10001185,Amazon,164.55,166.22,2026-06-07
FUR-FU-10001196,Target,25.16,23.08,2026-06-07
FUR-FU-10001215,Amazon,170.36,167.24,2026-06-07
FUR-FU-10001290,Target,216.81,211.29,2026-06-07
FUR-FU-10001379,Walmart,29.39,27.98,2026-06-07
FUR-FU-10001424,Target,16.0,16.71,2026-06-07
FUR-FU-10001468,Amazon,552.84,552.38,2026-06-07
FUR-FU-10001473,Amazon,53.09,48.64,2026-06-07
FUR-FU-10001473,Walmart,72.37,68.32,2026-06-07
FUR-FU-10001475,Target,66.82,69.27,2026-06-07
FUR-FU-10001487,Target,32.11,29.39,2026-06-07
FUR-FU-10001488,Walmart,324.0,346.76,2026-06-07
FUR-FU-10001546,Target,15.56,15.54,2026-06-07
FUR-FU-10001588,Target,109.43,109.01,2026-06-07
FUR-FU-10001591,Amazon,45.14,45.97,2026-06-07
FUR-FU-10001602,Target,91.03,96.94,2026-06-07
FUR-FU-10001617,Target,33.28,32.27,2026-06-07
FUR-FU-10001706,Walmart,11.52,11.93,2026-06-07
FUR-FU-10001731,Walmart,11.75,11.9,2026-06-07
FUR-FU-10001756,BestBuy,43.79,41.75,2026-06-07
FUR-FU-10001847,Amazon,9.77,10.51,2026-06-07
FUR-FU-10001852,Target,6.75,7.15,2026-06-07
FUR-FU-10001861,Target,72.43,74.73,2026-06-07
FUR-FU-10001867,BestBuy,40.43,43.26,2026-06-07
FUR-FU-10001876,Target,90.94,97.62,2026-06-07
FUR-FU-10001889,Amazon,44.18,46.02,2026-06-07
FUR-FU-10001918,BestBuy,17.15,18.31,2026-06-07
FUR-FU-10001934,Amazon,50.35,52.34,2026-06-07
FUR-FU-10001935,BestBuy,13.5,13.99,2026-06-07
FUR-FU-10001940,BestBuy,21.97,22.49,2026-06-07
FUR-FU-10001967,Walmart,23.99,25.2,2026-06-07
FUR-FU-10001979,Amazon,185.73,173.05,2026-06-07
FUR-FU-10001986,Target,145.29,156.36,2026-06-07
FUR-FU-10002030,Target,48.91,52.55,2026-06-07
FUR-FU-10002045,Amazon,94.48,85.58,2026-06-07
FUR-FU-10002088,Target,24.37,25.96,2026-06-07
FUR-FU-10002107,Target,9.37,8.67,2026-06-07
FUR-FU-10002111,Amazon,19.9,19.24,2026-06-07
FUR-FU-10002116,BestBuy,152.73,160.17,2026-06-07
FUR-FU-10002157,Amazon,52.27,48.72,2026-06-07
FUR-FU-10002191,BestBuy,12.56,13.36,2026-06-07
FUR-FU-10002240,Target,9.85,10.5,2026-06-07
FUR-FU-10002253,Target,149.68,149.9,2026-06-07
FUR-FU-10002268,Target,21.32,19.22,2026-06-07
FUR-FU-10002298,Walmart,412.85,395.27,2026-06-07
FUR-FU-10002364,BestBuy,15.25,15.61,2026-06-07
FUR-FU-10002379,Walmart,165.88,181.84,2026-06-07
FUR-FU-10002396,Walmart,34.22,35.12,2026-06-07
FUR-FU-10002445,Amazon,27.02,25.72,2026-06-07
FUR-FU-10002456,Walmart,22.05,22.64,2026-06-07
FUR-FU-10002501,Amazon,68.26,68.81,2026-06-07
FUR-FU-10002505,Amazon,9.1,9.61,2026-06-07
FUR-FU-10002506,Walmart,31.18,28.73,2026-06-07
FUR-FU-10002508,BestBuy,22.52,23.7,2026-06-07
FUR-FU-10002553,BestBuy,58.64,59.12,2026-06-07
FUR-FU-10002554,BestBuy,41.98,45.87,2026-06-07
FUR-FU-10002597,BestBuy,19.48,18.86,2026-06-07
FUR-FU-10002671,BestBuy,33.77,34.67,2026-06-07
FUR-FU-10002685,Walmart,28.05,30.47,2026-06-07
FUR-FU-10002703,Walmart,90.23,83.06,2026-06-07
FUR-FU-10002759,Target,68.93,74.96,2026-06-07
FUR-FU-10002813,BestBuy,58.29,60.48,2026-06-07
FUR-FU-10002874,Walmart,63.82,58.3,2026-06-07
FUR-FU-10002878,Target,77.85,74.75,2026-06-07
FUR-FU-10002885,BestBuy,14.14,14.73,2026-06-07
FUR-FU-10002918,Amazon,240.19,219.41,2026-06-07
FUR-FU-10002937,Target,337.38,342.92,2026-06-07
FUR-FU-10002960,Walmart,27.13,26.29,2026-06-07
FUR-FU-10002963,Amazon,11.94,12.23,2026-06-07
FUR-FU-10003026,Amazon,13.23,12.03,2026-06-07
FUR-FU-10003039,Amazon,83.38,89.58,2026-06-07
FUR-FU-10003095,Target,101.94,111.59,2026-06-07
FUR-FU-10003096,Walmart,27.83,30.44,2026-06-07
FUR-FU-10003142,Amazon,25.34,26.61,2026-06-07
FUR-FU-10003192,BestBuy,386.45,357.86,2026-06-07
FUR-FU-10003194,Amazon,27.02,28.42,2026-06-07
FUR-FU-10003247,Amazon,61.54,55.69,2026-06-07
FUR-FU-10003268,Target,129.27,116.91,2026-06-07
FUR-FU-10003274,Target,7.18,6.93,2026-06-07
FUR-FU-10003347,Walmart,49.7,49.59,2026-06-07
FUR-FU-10003374,BestBuy,231.9,244.44,2026-06-07
FUR-FU-10003394,Target,209.88,217.57,2026-06-07
FUR-FU-10003424,Amazon,50.55,50.0,2026-06-07
FUR-FU-10003464,Walmart,52.73,50.34,2026-06-07
FUR-FU-10003489,Amazon,18.08,19.88,2026-06-07
FUR-FU-10003535,Amazon,88.66,87.35,2026-06-07
FUR-FU-10003553,Target,189.81,187.96,2026-06-07
FUR-FU-10003577,Walmart,82.22,76.69,2026-06-07
FUR-FU-10003601,BestBuy,270.54,286.49,2026-06-07
FUR-FU-10003623,BestBuy,101.75,105.69,2026-06-07
FUR-FU-10003664,Target,572.76,540.77,2026-06-07
FUR-FU-10003691,Target,36.06,33.05,2026-06-07
FUR-FU-10003708,Walmart,220.36,228.31,2026-06-07
FUR-FU-10003724,BestBuy,31.06,32.02,2026-06-07
FUR-FU-10003731,BestBuy,29.94,28.58,2026-06-07
FUR-FU-10003773,BestBuy,260.83,284.35,2026-06-07
FUR-FU-10003798,Amazon,79.12,73.6,2026-06-07
FUR-FU-10003799,BestBuy,63.3,62.44,2026-06-07
FUR-FU-10003806,Amazon,514.62,560.28,2026-06-07
FUR-FU-10003829,Walmart,9.33,9.18,2026-06-07
FUR-FU-10003832,Amazon,31.14,32.0,2026-06-07
FUR-FU-10003849,Walmart,32.38,31.72,2026-06-07
FUR-FU-10003878,BestBuy,42.27,40.36,2026-06-07
FUR-FU-10003919,BestBuy,49.07,53.82,2026-06-07
FUR-FU-10003930,Walmart,393.45,386.32,2026-06-07
FUR-FU-10003975,Target,112.61,121.49,2026-06-07
FUR-FU-10003976,Walmart,39.25,37.13,2026-06-07
FUR-FU-10003981,Target,5.99,5.65,2026-06-07
FUR-FU-10004006,Amazon,112.31,101.78,2026-06-07
FUR-FU-10004017,Amazon,84.6,87.17,2026-06-07
FUR-FU-10004017,Amazon,252.7,246.06,2026-06-07
FUR-FU-10004018,BestBuy,67.0,71.88,2026-06-07
FUR-FU-10004020,Amazon,17.5,17.41,2026-06-07
FUR-FU-10004053,Target,39.13,42.79,2026-06-07
FUR-FU-10004071,Amazon,317.23,297.28,2026-06-07
FUR-FU-10004090,Walmart,49.54,53.19,2026-06-07
FUR-FU-10004091,Walmart,37.68,39.76,2026-06-07
FUR-FU-10004091,BestBuy,173.68,183.09,2026-06-07
FUR-FU-10004093,Walmart,86.72,92.7,2026-06-07
FUR-FU-10004164,Target,14.85,15.63,2026-06-07
FUR-FU-10004188,Amazon,265.98,272.69,2026-06-07
FUR-FU-10004245,BestBuy,64.9,60.11,2026-06-07
FUR-FU-10004270,Amazon,13.9,12.6,2026-06-07
FUR-FU-10004270,Amazon,39.42,42.74,2026-06-07
FUR-FU-10004306,Target,459.84,470.57,2026-06-07
FUR-FU-10004351,Walmart,33.77,35.77,2026-06-07
FUR-FU-10004415,Walmart,11.65,11.61,2026-06-07
FUR-FU-10004460,Amazon,239.67,221.33,2026-06-07
FUR-FU-10004586,BestBuy,13.5,12.49,2026-06-07
FUR-FU-10004587,Walmart,54.44,56.46,2026-06-07
FUR-FU-10004597,BestBuy,86.02,84.82,2026-06-07
FUR-FU-10004622,Walmart,126.47,118.9,2026-06-07
FUR-FU-10004665,BestBuy,547.92,547.0,2026-06-07
FUR-FU-10004666,Target,39.85,36.38,2026-06-07
FUR-FU-10004671,BestBuy,29.45,29.93,2026-06-07
FUR-FU-10004712,Target,42.42,40.46,2026-06-07
FUR-FU-10004748,Target,143.86,152.42,2026-06-07
FUR-FU-10004845,BestBuy,234.15,225.27,2026-06-07
FUR-FU-10004848,Target,37.78,37.44,2026-06-07
FUR-FU-10004848,Amazon,147.2,132.82,2026-06-07
FUR-FU-10004864,Target,32.99,30.17,2026-06-07
FUR-FU-10004864,Walmart,233.84,228.81,2026-06-07
FUR-FU-10004904,BestBuy,250.73,249.72,2026-06-07
FUR-FU-10004909,Amazon,48.48,49.45,2026-06-07
FUR-FU-10004952,BestBuy,128.64,123.28,2026-06-07
FUR-FU-10004960,Walmart,130.22,135.3,2026-06-07
FUR-FU-10004963,Walmart,26.54,28.45,2026-06-07
FUR-FU-10004973,Walmart,56.52,59.68,2026-06-07
FUR-TA-10000198,Target,1983.53,1800.89,2026-06-07
FUR-TA-10000577,Target,905.35,901.82,2026-06-07
FUR-TA-10000617,BestBuy,722.47,665.38,2026-06-07
FUR-TA-10000688,BestBuy,559.15,530.3,2026-06-07
FUR-TA-10000849,Amazon,251.82,276.33,2026-06-07
FUR-TA-10001039,Amazon,251.3,233.33,2026-06-07
FUR-TA-10001086,BestBuy,595.8,595.67,2026-06-07
FUR-TA-10001095,Target,631.47,646.39,2026-06-07
FUR-TA-10001307,Walmart,747.82,778.1,2026-06-07
FUR-TA-10001520,BestBuy,255.35,258.4,2026-06-07
FUR-TA-10001539,Amazon,550.3,496.35,2026-06-07
FUR-TA-10001676,Target,72.57,70.05,2026-06-07
FUR-TA-10001691,BestBuy,136.46,136.94,2026-06-07
FUR-TA-10001705,BestBuy,850.4,780.3,2026-06-07
FUR-TA-10001768,Target,660.65,640.91,2026-06-07
FUR-TA-10001771,BestBuy,900.82,816.72,2026-06-07
FUR-TA-10001857,Target,207.02,189.57,2026-06-07
FUR-TA-10001866,Walmart,259.97,254.61,2026-06-07
FUR-TA-10001889,Target,1363.53,1263.37,2026-06-07
FUR-TA-10001932,Target,849.7,861.18,2026-06-07
FUR-TA-10001950,Target,1629.69,1691.44,2026-06-07
FUR-TA-10002041,BestBuy,445.24,472.01,2026-06-07
FUR-TA-10002228,BestBuy,677.83,637.18,2026-06-07
FUR-TA-10002356,Target,423.74,395.56,2026-06-07
FUR-TA-10002530,BestBuy,493.92,454.86,2026-06-07
FUR-TA-10002533,Amazon,448.37,460.6,2026-06-07
FUR-TA-10002607,Amazon,267.61,278.66,2026-06-07
FUR-TA-10002622,BestBuy,359.06,325.42,2026-06-07
FUR-TA-10002645,BestBuy,870.38,946.31,2026-06-07
FUR-TA-10002774,Target,698.72,636.11,2026-06-07
FUR-TA-10002855,Walmart,459.51,463.31,2026-06-07
FUR-TA-10002903,BestBuy,908.98,946.99,2026-06-07
FUR-TA-10002958,Amazon,867.76,932.14,2026-06-07
FUR-TA-10003008,Target,355.97,371.21,2026-06-07
FUR-TA-10003238,BestBuy,716.27,759.49,2026-06-07
FUR-TA-10003392,Amazon,885.09,856.67,2026-06-07
FUR-TA-10003469,Amazon,208.12,221.22,2026-06-07
FUR-TA-10003473,Walmart,1082.94,992.0,2026-06-07
FUR-TA-10003569,Target,1129.43,1218.61,2026-06-07
FUR-TA-10003715,Target,785.14,792.61,2026-06-07
FUR-TA-10003748,Walmart,541.53,575.9,2026-06-07
FUR-TA-10003837,Walmart,25.89,25.64,2026-06-07
FUR-TA-10003954,Target,1480.9,1523.42,2026-06-07
FUR-TA-10004086,Target,255.48,256.83,2026-06-07
FUR-TA-10004147,BestBuy,307.89,322.15,2026-06-07
FUR-TA-10004152,BestBuy,217.73,199.51,2026-06-07
FUR-TA-10004154,Walmart,889.24,811.05,2026-06-07
FUR-TA-10004175,BestBuy,432.01,410.16,2026-06-07
FUR-TA-10004256,Amazon,1408.72,1312.8,2026-06-07
FUR-TA-10004289,BestBuy,568.75,611.04,2026-06-07
FUR-TA-10004442,BestBuy,305.97,288.79,2026-06-07
FUR-TA-10004534,Amazon,650.64,712.56,2026-06-07
FUR-TA-10004575,Walmart,852.16,824.36,2026-06-07
FUR-TA-10004607,Amazon,291.44,272.91,2026-06-07
FUR-TA-10004619,BestBuy,755.13,798.88,2026-06-07
FUR-TA-10004767,Walmart,159.7,164.77,2026-06-07
FUR-TA-10004915,BestBuy,1160.36,1159.94,2026-06-07
OFF-AP-10000026,Amazon,207.3,209.6,2026-06-07
OFF-AP-10000027,Amazon,42.1,43.95,2026-06-07
OFF-AP-10000055,BestBuy,66.58,62.96,2026-06-07
OFF-AP-10000124,Target,19.14,21.04,2026-06-07
OFF-AP-10000159,Target,186.25,203.94,2026-06-07
OFF-AP-10000179,Amazon,440.06,453.29,2026-06-07
OFF-AP-10000240,Amazon,154.02,144.76,2026-06-07
OFF-AP-10000252,Target,32.17,33.33,2026-06-07
OFF-AP-10000275,Target,1968.84,1800.39,2026-06-07
OFF-AP-10000326,BestBuy,157.92,143.1,2026-06-07
OFF-AP-10000358,BestBuy,48.46,46.11,2026-06-07
OFF-AP-10000390,Target,56.91,56.48,2026-06-07
OFF-AP-10000576,BestBuy,344.79,370.19,2026-06-07
OFF-AP-10000576,BestBuy,210.56,220.13,2026-06-07
OFF-AP-10000595,Walmart,10.92,11.45,2026-06-07
OFF-AP-10000692,BestBuy,57.43,56.57,2026-06-07
OFF-AP-10000696,Amazon,44.7,43.32,2026-06-07
OFF-AP-10000804,BestBuy,15.46,15.06,2026-06-07
OFF-AP-10000828,BestBuy,501.57,550.49,2026-06-07
OFF-AP-10000891,Target,498.26,452.43,2026-06-07
OFF-AP-10000938,Amazon,555.39,596.16,2026-06-07
OFF-AP-10001005,BestBuy,293.63,298.25,2026-06-07
OFF-AP-10001058,BestBuy,1119.24,1105.5,2026-06-07
OFF-AP-10001124,Walmart,647.84,677.03,2026-06-07
OFF-AP-10001154,BestBuy,171.93,171.47,2026-06-07
OFF-AP-10001205,BestBuy,177.6,190.86,2026-06-07
OFF-AP-10001242,Walmart,150.9,162.99,2026-06-07
OFF-AP-10001271,Target,158.04,155.57,2026-06-07
OFF-AP-10001293,BestBuy,153.38,146.53,2026-06-07
OFF-AP-10001303,Walmart,36.82,37.5,2026-06-07
OFF-AP-10001366,Amazon,46.66,50.51,2026-06-07
OFF-AP-10001391,Target,406.08,382.58,2026-06-07
OFF-AP-10001394,Amazon,389.34,398.92,2026-06-07
OFF-AP-10001469,Amazon,151.82,155.81,2026-06-07
OFF-AP-10001492,Walmart,38.12,39.9,2026-06-07
OFF-AP-10001563,BestBuy,136.02,126.0,2026-06-07
OFF-AP-10001564,Walmart,341.12,355.84,2026-06-07
OFF-AP-10001626,Walmart,7.22,7.81,2026-06-07
OFF-AP-10001634,Walmart,9.05,8.47,2026-06-07
OFF-AP-10001947,Walmart,48.24,45.71,2026-06-07
OFF-AP-10001962,Target,38.31,41.92,2026-06-07
OFF-AP-10002082,BestBuy,39.93,37.38,2026-06-07
OFF-AP-10002118,Amazon,451.01,482.98,2026-06-07
OFF-AP-10002191,Amazon,147.55,147.32,2026-06-07
OFF-AP-10002203,BestBuy,1.62,1.54,2026-06-07
OFF-AP-10002222,Amazon,26.88,28.87,2026-06-07
OFF-AP-10002287,BestBuy,16.78,16.6,2026-06-07
OFF-AP-10002311,Amazon,138.31,138.72,2026-06-07
OFF-AP-10002350,Walmart,64.53,62.71,2026-06-07
OFF-AP-10002403,Amazon,112.23,114.32,2026-06-07
OFF-AP-10002439,BestBuy,274.42,255.95,2026-06-07
OFF-AP-10002457,BestBuy,279.07,272.99,2026-06-07
OFF-AP-10002472,BestBuy,129.9,142.1,2026-06-07
OFF-AP-10002495,BestBuy,150.99,143.69,2026-06-07
OFF-AP-10002518,BestBuy,576.66,594.74,2026-06-07
OFF-AP-10002534,Target,589.24,568.64,2026-06-07
OFF-AP-10002578,Target,132.78,140.04,2026-06-07
OFF-AP-10002651,Amazon,1138.82,1054.75,2026-06-07
OFF-AP-10002670,BestBuy,138.96,152.02,2026-06-07
OFF-AP-10002684,Amazon,434.21,430.2,2026-06-07
OFF-AP-10002734,BestBuy,675.12,639.48,2026-06-07
OFF-AP-10002765,BestBuy,64.46,58.96,2026-06-07
OFF-AP-10002867,Target,166.21,155.23,2026-06-07
OFF-AP-10002892,Target,66.31,66.57,2026-06-07
OFF-AP-10002906,Walmart,2.44,2.36,2026-06-07
OFF-AP-10002945,Target,1413.06,1506.01,2026-06-07
OFF-AP-10002998,Walmart,83.39,82.24,2026-06-07
OFF-AP-10003040,Walmart,133.14,126.45,2026-06-07
OFF-AP-10003057,Walmart,1285.06,1315.17,2026-06-07
OFF-AP-10003099,Walmart,197.72,205.9,2026-06-07
OFF-AP-10003217,Walmart,508.18,474.34,2026-06-07
OFF-AP-10003266,Amazon,37.77,35.26,2026-06-07
OFF-AP-10003278,Target,21.23,19.26,2026-06-07
OFF-AP-10003281,Walmart,29.98,31.4,2026-06-07
OFF-AP-10003287,BestBuy,156.31,161.43,2026-06-07
OFF-AP-10003590,Target,1017.1,1011.94,2026-06-07
OFF-AP-10003622,Target,17.55,18.76,2026-06-07
OFF-AP-10003779,Walmart,368.28,390.79,2026-06-07
OFF-AP-10003842,Amazon,115.66,117.63,2026-06-07
OFF-AP-10003849,Walmart,834.91,896.4,2026-06-07
OFF-AP-10003860,Amazon,81.43,76.64,2026-06-07
OFF-AP-10003884,BestBuy,180.66,166.64,2026-06-07
OFF-AP-10003914,Target,13.0,12.4,2026-06-07
OFF-AP-10003971,BestBuy,29.16,26.58,2026-06-07
OFF-AP-10004036,Amazon,49.93,50.24,2026-06-07
OFF-AP-10004052,Amazon,11.22,12.2,2026-06-07
OFF-AP-10004136,BestBuy,73.76,66.96,2026-06-07
OFF-AP-10004233,Amazon,149.6,138.29,2026-06-07
OFF-AP-10004249,BestBuy,46.92,46.47,2026-06-07
OFF-AP-10004336,Target,136.7,148.56,2026-06-07
OFF-AP-10004487,BestBuy,355.48,342.41,2026-06-07
OFF-AP-10004532,Target,68.27,68.37,2026-06-07
OFF-AP-10004540,BestBuy,260.52,236.63,2026-06-07
OFF-AP-10004655,Amazon,23.77,22.1,2026-06-07
OFF-AP-10004708,BestBuy,96.42,105.8,2026-06-07
OFF-AP-10004785,Amazon,50.98,55.72,2026-06-07
OFF-AP-10004859,BestBuy,54.05,48.7,2026-06-07
OFF-AP-10004868,BestBuy,22.92,24.99,2026-06-07
OFF-AP-10004980,Walmart,75.84,77.95,2026-06-07
OFF-AR-10000034,Amazon,19.79,21.25,2026-06-07
OFF-AR-10000122,Walmart,16.9,16.75,2026-06-07
OFF-AR-10000127,Amazon,16.4,16.45,2026-06-07
OFF-AR-10000203,Walmart,17.12,17.08,2026-06-07
OFF-AR-10000246,Target,12.34,12.75,2026-06-07
OFF-AR-10000255,BestBuy,25.31,23.49,2026-06-07
OFF-AR-10000315,Amazon,7.78,7.05,2026-06-07
OFF-AR-10000369,Amazon,4.54,4.37,2026-06-07
OFF-AR-10000380,BestBuy,161.79,168.41,2026-06-07
OFF-AR-10000390,Amazon,11.92,11.21,2026-06-07
OFF-AR-10000411,Amazon,43.04,44.53,2026-06-07
OFF-AR-10000422,Walmart,7.34,8.03,2026-06-07
OFF-AR-10000462,Amazon,7.47,6.86,2026-06-07
OFF-AR-10000475,Target,20.99,21.71,2026-06-07
OFF-AR-10000538,Target,135.12,133.6,2026-06-07
OFF-AR-10000588,BestBuy,52.91,56.81,2026-06-07
OFF-AR-10000614,Amazon,16.96,15.86,2026-06-07
OFF-AR-10000634,BestBuy,11.62,12.07,2026-06-07
OFF-AR-10000657,Target,9.03,9.64,2026-06-07
OFF-AR-10000658,Amazon,37.62,40.97,2026-06-07
OFF-AR-10000716,Amazon,13.55,14.05,2026-06-07
OFF-AR-10000799,BestBuy,18.85,18.84,2026-06-07
OFF-AR-10000817,Target,12.59,12.89,2026-06-07
OFF-AR-10000823,Amazon,6.43,6.9,2026-06-07
OFF-AR-10000896,BestBuy,12.14,12.31,2026-06-07
OFF-AR-10000914,Target,25.65,23.24,2026-06-07
OFF-AR-10000937,BestBuy,215.64,234.23,2026-06-07
OFF-AR-10000940,Walmart,9.32,9.67,2026-06-07
OFF-AR-10001022,Amazon,4.73,4.9,2026-06-07
OFF-AR-10001026,Walmart,10.27,9.69,2026-06-07
OFF-AR-10001044,Target,68.73,70.91,2026-06-07
OFF-AR-10001118,Walmart,8.09,7.92,2026-06-07
OFF-AR-10001130,Walmart,7.74,7.97,2026-06-07
OFF-AR-10001149,Target,3.9,3.59,2026-06-07
OFF-AR-10001149,BestBuy,14.63,15.09,2026-06-07
OFF-AR-10001166,Walmart,20.21,22.23,2026-06-07
OFF-AR-10001177,BestBuy,14.21,12.93,2026-06-07
OFF-AR-10001216,Walmart,8.9,9.75,2026-06-07
OFF-AR-10001221,BestBuy,37.67,36.97,2026-06-07
OFF-AR-10001227,Target,11.76,12.63,2026-06-07
OFF-AR-10001231,Walmart,9.8,10.35,2026-06-07
OFF-AR-10001246,Target,11.42,11.57,2026-06-07
OFF-AR-10001315,Walmart,5.53,5.79,2026-06-07
OFF-AR-10001374,Target,20.52,22.07,2026-06-07
OFF-AR-10001419,Target,21.34,20.93,2026-06-07
OFF-AR-10001427,Walmart,14.95,14.43,2026-06-07
OFF-AR-10001446,Walmart,39.27,40.59,2026-06-07
OFF-AR-10001468,Walmart,69.89,74.19,2026-06-07
OFF-AR-10001473,Amazon,9.4,9.89,2026-06-07
OFF-AR-10001545,BestBuy,6.1,6.46,2026-06-07
OFF-AR-10001547,Amazon,7.68,7.58,2026-06-07
OFF-AR-10001573,Amazon,8.15,8.67,2026-06-07
OFF-AR-10001615,Target,65.76,60.76,2026-06-07
OFF-AR-10001662,Walmart,10.8,10.9,2026-06-07
OFF-AR-10001683,BestBuy,28.56,25.74,2026-06-07
OFF-AR-10001725,Target,49.66,47.92,2026-06-07
OFF-AR-10001761,Amazon,20.63,20.08,2026-06-07
OFF-AR-10001770,Walmart,8.64,8.46,2026-06-07
OFF-AR-10001860,Target,28.92,30.05,2026-06-07
OFF-AR-10001868,Walmart,4.87,4.76,2026-06-07
OFF-AR-10001897,Target,80.6,79.77,2026-06-07
OFF-AR-10001915,Walmart,41.14,38.98,2026-06-07
OFF-AR-10001919,Amazon,4.4,4.29,2026-06-07
OFF-AR-10001940,BestBuy,11.48,10.85,2026-06-07
OFF-AR-10001953,Amazon,153.3,140.21,2026-06-07
OFF-AR-10001954,BestBuy,18.83,19.22,2026-06-07
OFF-AR-10001955,Walmart,63.98,66.13,2026-06-07
OFF-AR-10001958,Target,39.3,40.24,2026-06-07
OFF-AR-10001972,Amazon,7.06,7.01,2026-06-07
OFF-AR-10001988,BestBuy,25.96,25.34,2026-06-07
OFF-AR-10002053,Amazon,11.66,12.51,2026-06-07
OFF-AR-10002067,BestBuy,88.62,88.96,2026-06-07
OFF-AR-10002135,Amazon,233.29,232.32,2026-06-07
OFF-AR-10002221,BestBuy,6.07,5.49,2026-06-07
OFF-AR-10002240,BestBuy,143.41,138.86,2026-06-07
OFF-AR-10002255,Walmart,6.22,6.07,2026-06-07
OFF-AR-10002257,BestBuy,8.46,8.29,2026-06-07
OFF-AR-10002280,Walmart,27.17,27.61,2026-06-07
OFF-AR-10002335,BestBuy,7.48,7.53,2026-06-07
OFF-AR-10002375,Target,11.81,12.06,2026-06-07
OFF-AR-10002399,Target,15.82,16.66,2026-06-07
OFF-AR-10002445,Target,29.94,31.81,2026-06-07
OFF-AR-10002467,BestBuy,12.52,13.07,2026-06-07
OFF-AR-10002578,Walmart,8.64,9.43,2026-06-07
OFF-AR-10002656,Walmart,29.93,27.05,2026-06-07
OFF-AR-10002671,BestBuy,1113.02,1045.3,2026-06-07
OFF-AR-10002704,Target,14.98,13.5,2026-06-07
OFF-AR-10002766,Target,14.04,14.45,2026-06-07
OFF-AR-10002804,Walmart,7.43,8.02,2026-06-07
OFF-AR-10002818,Target,98.91,93.84,2026-06-07
OFF-AR-10002833,Amazon,5.1,5.54,2026-06-07
OFF-AR-10002952,Walmart,73.42,66.96,2026-06-07
OFF-AR-10002956,Target,74.1,80.54,2026-06-07
OFF-AR-10002987,Walmart,62.35,60.5,2026-06-07
OFF-AR-10003045,Amazon,12.94,11.91,2026-06-07
OFF-AR-10003056,Walmart,13.82,13.78,2026-06-07
OFF-AR-10003087,Walmart,8.31,7.91,2026-06-07
OFF-AR-10003156,Walmart,27.64,26.45,2026-06-07
OFF-AR-10003158,Walmart,18.15,17.45,2026-06-07
OFF-AR-10003179,Amazon,32.8,34.79,2026-06-07
OFF-AR-10003183,BestBuy,8.18,8.24,2026-06-07
OFF-AR-10003190,Walmart,7.87,7.57,2026-06-07
OFF-AR-10003217,Walmart,23.47,23.99,2026-06-07
OFF-AR-10003251,Target,6.27,6.54,2026-06-07
OFF-AR-10003338,Walmart,19.98,19.07,2026-06-07
OFF-AR-10003373,Target,124.81,122.65,2026-06-07
OFF-AR-10003394,BestBuy,13.41,12.4,2026-06-07
OFF-AR-10003405,Amazon,23.98,22.45,2026-06-07
OFF-AR-10003469,Amazon,5.37,5.56,2026-06-07
OFF-AR-10003477,BestBuy,8.04,7.53,2026-06-07
OFF-AR-10003478,Amazon,36.63,36.81,2026-06-07
OFF-AR-10003481,BestBuy,10.93,11.39,2026-06-07
OFF-AR-10003504,BestBuy,18.22,16.79,2026-06-07
OFF-AR-10003514,BestBuy,21.39,21.68,2026-06-07
OFF-AR-10003560,Amazon,16.82,16.0,2026-06-07
OFF-AR-10003582,Target,65.45,71.51,2026-06-07
OFF-AR-10003602,BestBuy,11.51,11.47,2026-06-07
OFF-AR-10003631,Walmart,30.98,32.88,2026-06-07
OFF-AR-10003651,Amazon,10.39,10.49,2026-06-07
OFF-AR-10003696,BestBuy,41.5,37.71,2026-06-07
OFF-AR-10003723,BestBuy,10.14,10.41,2026-06-07
OFF-AR-10003727,Walmart,63.71,69.46,2026-06-07
OFF-AR-10003732,Target,7.89,8.05,2026-06-07
OFF-AR-10003752,Target,36.5,38.83,2026-06-07
OFF-AR-10003759,Target,8.53,9.19,2026-06-07
OFF-AR-10003770,BestBuy,12.96,12.26,2026-06-07
OFF-AR-10003772,BestBuy,21.88,20.62,2026-06-07
OFF-AR-10003811,BestBuy,9.94,10.16,2026-06-07
OFF-AR-10003829,Amazon,10.35,10.17,2026-06-07
OFF-AR-10003856,Walmart,7.6,8.12,2026-06-07
OFF-AR-10003876,BestBuy,13.04,14.08,2026-06-07
OFF-AR-10003896,Walmart,17.94,17.41,2026-06-07
OFF-AR-10003903,Walmart,141.35,133.91,2026-06-07
OFF-AR-10003958,Target,5.25,5.54,2026-06-07
OFF-AR-10003986,Amazon,7.7,7.35,2026-06-07
OFF-AR-10004010,BestBuy,134.36,143.03,2026-06-07
OFF-AR-10004022,Target,117.53,115.74,2026-06-07
OFF-AR-10004027,Target,5.88,6.08,2026-06-07
OFF-AR-10004042,BestBuy,82.71,76.02,2026-06-07
OFF-AR-10004062,Walmart,52.4,53.7,2026-06-07
OFF-AR-10004078,Target,21.34,21.13,2026-06-07
OFF-AR-10004165,Walmart,8.66,8.81,2026-06-07
OFF-AR-10004260,Amazon,129.9,121.28,2026-06-07
OFF-AR-10004269,Walmart,19.0,19.9,2026-06-07
OFF-AR-10004272,Amazon,4.2,4.5,2026-06-07
OFF-AR-10004344,Walmart,55.15,52.03,2026-06-07
OFF-AR-10004441,Target,12.3,11.31,2026-06-07
OFF-AR-10004456,Target,58.56,52.98,2026-06-07
OFF-AR-10004511,Amazon,23.54,24.21,2026-06-07
OFF-AR-10004582,BestBuy,4.85,4.95,2026-06-07
OFF-AR-10004587,Amazon,29.74,30.02,2026-06-07
OFF-AR-10004602,Amazon,76.2,72.11,2026-06-07
OFF-AR-10004648,Walmart,85.64,83.77,2026-06-07
OFF-AR-10004685,Walmart,12.7,12.94,2026-06-07
OFF-AR-10004691,Amazon,57.01,56.97,2026-06-07
OFF-AR-10004707,Target,4.96,5.44,2026-06-07
OFF-AR-10004752,Walmart,12.28,11.39,2026-06-07
OFF-AR-10004757,BestBuy,10.97,11.4,2026-06-07
OFF-AR-10004790,Walmart,23.94,23.48,2026-06-07
OFF-AR-10004817,Walmart,17.2,16.95,2026-06-07
OFF-AR-10004930,BestBuy,12.51,13.05,2026-06-07
OFF-AR-10004956,Amazon,16.0,16.62,2026-06-07
OFF-AR-10004974,BestBuy,9.84,10.81,2026-06-07
OFF-AR-10004999,Amazon,24.32,22.51,2026-06-07
OFF-BI-10000014,Amazon,22.09,20.34,2026-06-07
OFF-BI-10000042,Amazon,11.04,11.54,2026-06-07
OFF-BI-10000050,BestBuy,19.78,20.09,2026-06-07
OFF-BI-10000069,Amazon,54.22,51.77,2026-06-07
OFF-BI-10000088,Target,30.2,27.66,2026-06-07
OFF-BI-10000136,BestBuy,22.72,20.84,2026-06-07
OFF-BI-10000138,Target,11.47,12.37,2026-06-07
OFF-BI-10000145,Amazon,6.29,5.9,2026-06-07
OFF-BI-10000174,Walmart,21.33,20.58,2026-06-07
OFF-BI-10000201,Amazon,4.3,4.06,2026-06-07
OFF-BI-10000216,Target,18.16,17.63,2026-06-07
OFF-BI-10000279,Target,21.31,19.47,2026-06-07
OFF-BI-10000285,BestBuy,14.58,14.64,2026-06-07
OFF-BI-10000301,Walmart,12.69,11.59,2026-06-07
OFF-BI-10000309,BestBuy,29.93,31.73,2026-06-07
OFF-BI-10000315,Target,64.57,61.13,2026-06-07
OFF-BI-10000320,Amazon,17.27,17.41,2026-06-07
OFF-BI-10000343,Walmart,8.55,9.2,2026-06-07
OFF-BI-10000404,Amazon,19.21,19.79,2026-06-07
OFF-BI-10000474,Amazon,28.17,28.36,2026-06-07
OFF-BI-10000494,Walmart,2.87,2.77,2026-06-07
OFF-BI-10000545,BestBuy,2113.83,2043.23,2026-06-07
OFF-BI-10000546,Amazon,7.27,7.52,2026-06-07
OFF-BI-10000591,Target,6.52,7.16,2026-06-07
OFF-BI-10000605,Amazon,10.16,10.49,2026-06-07
OFF-BI-10000632,Walmart,110.89,112.17,2026-06-07
OFF-BI-10000666,Walmart,81.75,85.52,2026-06-07
OFF-BI-10000756,Walmart,11.77,11.69,2026-06-07
OFF-BI-10000773,BestBuy,8.32,7.59,2026-06-07
OFF-BI-10000778,Amazon,124.0,125.54,2026-06-07
OFF-BI-10000822,BestBuy,13.45,14.68,2026-06-07
OFF-BI-10000829,BestBuy,20.27,18.95,2026-06-07
OFF-BI-10000831,Walmart,3.61,3.75,2026-06-07
OFF-BI-10000848,Walmart,6.56,6.17,2026-06-07
OFF-BI-10000948,BestBuy,24.5,24.68,2026-06-07
OFF-BI-10000962,Amazon,41.0,37.69,2026-06-07
OFF-BI-10000977,Target,84.65,83.81,2026-06-07
OFF-BI-10001031,BestBuy,12.42,13.06,2026-06-07
OFF-BI-10001036,Amazon,26.16,25.36,2026-06-07
OFF-BI-10001071,Walmart,224.84,232.26,2026-06-07
OFF-BI-10001072,Walmart,34.11,36.13,2026-06-07
OFF-BI-10001078,Amazon,25.06,27.2,2026-06-07
OFF-BI-10001097,Target,12.94,12.25,2026-06-07
OFF-BI-10001098,Walmart,26.13,25.6,2026-06-07
OFF-BI-10001107,Walmart,38.48,35.8,2026-06-07
OFF-BI-10001116,Walmart,11.77,12.93,2026-06-07
OFF-BI-10001120,Amazon,5291.97,5743.91,2026-06-07
OFF-BI-10001132,BestBuy,15.74,15.87,2026-06-07
OFF-BI-10001153,Walmart,35.4,37.82,2026-06-07
OFF-BI-10001191,BestBuy,70.44,70.74,2026-06-07
OFF-BI-10001196,Target,59.87,61.35,2026-06-07
OFF-BI-10001249,Walmart,17.1,15.69,2026-06-07
OFF-BI-10001267,Walmart,14.56,15.3,2026-06-07
OFF-BI-10001294,Target,54.29,50.25,2026-06-07
OFF-BI-10001308,Walmart,13.58,14.47,2026-06-07
OFF-BI-10001359,BestBuy,1802.13,1903.78,2026-06-07
OFF-BI-10001460,Amazon,53.93,56.18,2026-06-07
OFF-BI-10001510,BestBuy,72.03,65.35,2026-06-07
OFF-BI-10001524,Amazon,55.75,53.55,2026-06-07
OFF-BI-10001525,Amazon,7.95,7.57,2026-06-07
OFF-BI-10001543,BestBuy,105.27,102.33,2026-06-07
OFF-BI-10001553,BestBuy,13.82,12.68,2026-06-07
OFF-BI-10001575,BestBuy,34.59,37.61,2026-06-07
OFF-BI-10001597,BestBuy,101.43,102.52,2026-06-07
OFF-BI-10001617,Target,26.29,25.27,2026-06-07
OFF-BI-10001628,Walmart,28.79,28.2,2026-06-07
OFF-BI-10001634,Amazon,19.17,18.97,2026-06-07
OFF-BI-10001636,BestBuy,23.14,23.61,2026-06-07
OFF-BI-10001658,BestBuy,38.83,38.95,2026-06-07
OFF-BI-10001670,BestBuy,81.91,88.78,2026-06-07
OFF-BI-10001679,Target,14.39,14.38,2026-06-07
OFF-BI-10001718,BestBuy,226.49,248.78,2026-06-07
OFF-BI-10001721,BestBuy,86.59,92.68,2026-06-07
OFF-BI-10001757,BestBuy,11.27,10.61,2026-06-07
OFF-BI-10001758,Walmart,25.1,27.26,2026-06-07
OFF-BI-10001759,Target,11.96,11.04,2026-06-07
OFF-BI-10001765,BestBuy,92.37,98.23,2026-06-07
OFF-BI-10001787,Amazon,15.53,15.16,2026-06-07
OFF-BI-10001890,Amazon,9.76,10.5,2026-06-07
OFF-BI-10001900,Amazon,31.15,33.44,2026-06-07
OFF-BI-10001922,Target,30.65,32.53,2026-06-07
OFF-BI-10001982,Target,5.91,6.25,2026-06-07
OFF-BI-10001989,Amazon,75.32,72.38,2026-06-07
OFF-BI-10002003,BestBuy,10.29,9.43,2026-06-07
OFF-BI-10002012,Target,4.29,4.21,2026-06-07
OFF-BI-10002026,Amazon,131.89,123.28,2026-06-07
OFF-BI-10002026,Amazon,187.49,194.8,2026-06-07
OFF-BI-10002049,BestBuy,5.77,5.59,2026-06-07
OFF-BI-10002071,Walmart,11.36,12.44,2026-06-07
OFF-BI-10002072,Target,23.98,24.66,2026-06-07
OFF-BI-10002082,BestBuy,104.17,110.89,2026-06-07
OFF-BI-10002103,Amazon,17.9,16.58,2026-06-07
OFF-BI-10002133,Amazon,104.32,111.87,2026-06-07
OFF-BI-10002160,BestBuy,5.99,6.5,2026-06-07
OFF-BI-10002194,Target,9.58,9.56,2026-06-07
OFF-BI-10002215,Walmart,20.49,20.93,2026-06-07
OFF-BI-10002225,Walmart,47.77,50.3,2026-06-07
OFF-BI-10002309,Amazon,18.41,17.21,2026-06-07
OFF-BI-10002353,Target,31.16,31.18,2026-06-07
OFF-BI-10002393,Walmart,9.57,9.38,2026-06-07
OFF-BI-10002412,Target,20.18,18.75,2026-06-07
OFF-BI-10002414,Target,13.28,12.93,2026-06-07
OFF-BI-10002429,Amazon,58.51,53.46,2026-06-07
OFF-BI-10002432,Walmart,12.08,10.93,2026-06-07
OFF-BI-10002437,BestBuy,36.67,33.99,2026-06-07
OFF-BI-10002498,Amazon,53.93,58.93,2026-06-07
OFF-BI-10002557,Walmart,11.6,11.71,2026-06-07
OFF-BI-10002571,Walmart,16.63,18.18,2026-06-07
OFF-BI-10002609,Walmart,4.51,4.45,2026-06-07
OFF-BI-10002706,Walmart,27.34,26.31,2026-06-07
OFF-BI-10002735,Walmart,107.39,107.52,2026-06-07
OFF-BI-10002764,Target,8.72,8.61,2026-06-07
OFF-BI-10002794,Amazon,77.86,71.72,2026-06-07
OFF-BI-10002799,Target,16.8,17.27,2026-06-07
OFF-BI-10002813,BestBuy,3.56,3.36,2026-06-07
OFF-BI-10002824,Walmart,34.32,35.14,2026-06-07
OFF-BI-10002827,Amazon,13.82,14.24,2026-06-07
OFF-BI-10002852,Walmart,39.06,36.34,2026-06-07
OFF-BI-10002854,Amazon,76.38,69.68,2026-06-07
OFF-BI-10002867,Target,215.21,227.29,2026-06-07
OFF-BI-10002897,Amazon,11.38,11.29,2026-06-07
OFF-BI-10002931,BestBuy,78.64,71.69,2026-06-07
OFF-BI-10002949,BestBuy,10.72,11.78,2026-06-07
OFF-BI-10002954,Amazon,8.53,7.78,2026-06-07
OFF-BI-10002976,Amazon,16.31,16.95,2026-06-07
OFF-BI-10002982,Amazon,13.0,14.26,2026-06-07
OFF-BI-10003007,Amazon,99.72,94.52,2026-06-07
OFF-BI-10003091,BestBuy,720.47,668.92,2026-06-07
OFF-BI-10003094,Walmart,5.72,5.29,2026-06-07
OFF-BI-10003166,Amazon,9.84,9.45,2026-06-07
OFF-BI-10003196,Amazon,5.47,5.03,2026-06-07
OFF-BI-10003274,BestBuy,9.95,10.33,2026-06-07
OFF-BI-10003291,BestBuy,19.86,18.12,2026-06-07
OFF-BI-10003305,Target,17.64,17.67,2026-06-07
OFF-BI-10003314,Amazon,8.94,9.83,2026-06-07
OFF-BI-10003350,Target,9.73,10.34,2026-06-07
OFF-BI-10003355,BestBuy,10.96,11.21,2026-06-07
OFF-BI-10003364,BestBuy,74.22,71.34,2026-06-07
OFF-BI-10003429,Walmart,15.19,15.57,2026-06-07
OFF-BI-10003460,Amazon,15.28,15.36,2026-06-07
OFF-BI-10003476,Target,22.63,22.3,2026-06-07
OFF-BI-10003527,BestBuy,2745.34,2542.57,2026-06-07
OFF-BI-10003529,BestBuy,6.15,6.63,2026-06-07
OFF-BI-10003638,Target,46.2,45.74,2026-06-07
OFF-BI-10003650,Walmart,848.14,796.34,2026-06-07
OFF-BI-10003655,BestBuy,18.62,18.13,2026-06-07
OFF-BI-10003656,Amazon,464.64,456.66,2026-06-07
OFF-BI-10003669,BestBuy,11.88,12.66,2026-06-07
OFF-BI-10003676,Amazon,21.56,22.57,2026-06-07
OFF-BI-10003684,Target,59.13,62.31,2026-06-07
OFF-BI-10003694,Amazon,22.97,20.72,2026-06-07
OFF-BI-10003707,Target,32.18,31.64,2026-06-07
OFF-BI-10003708,Amazon,20.36,20.28,2026-06-07
OFF-BI-10003712,Target,11.92,10.77,2026-06-07
OFF-BI-10003718,Amazon,590.35,561.99,2026-06-07
OFF-BI-10003719,Walmart,55.39,58.27,2026-06-07
OFF-BI-10003727,Amazon,10.08,9.35,2026-06-07
OFF-BI-10003784,Amazon,2.77,2.79,2026-06-07
OFF-BI-10003876,Walmart,113.85,107.37,2026-06-07
OFF-BI-10003910,BestBuy,21.51,19.41,2026-06-07
OFF-BI-10003925,BestBuy,1345.03,1275.41,2026-06-07
OFF-BI-10003963,Amazon,33.49,36.68,2026-06-07
OFF-BI-10003981,Walmart,16.6,17.6,2026-06-07
OFF-BI-10003982,Amazon,58.36,63.72,2026-06-07
OFF-BI-10003984,Target,100.67,100.43,2026-06-07
OFF-BI-10004001,Target,60.92,56.17,2026-06-07
OFF-BI-10004002,Amazon,24.96,25.2,2026-06-07
OFF-BI-10004022,BestBuy,4.83,4.79,2026-06-07
OFF-BI-10004040,BestBuy,14.96,15.99,2026-06-07
OFF-BI-10004094,Amazon,11.15,10.25,2026-06-07
OFF-BI-10004099,Amazon,13.25,13.22,2026-06-07
OFF-BI-10004139,Target,66.93,62.25,2026-06-07
OFF-BI-10004140,BestBuy,5.8,5.6,2026-06-07
OFF-BI-10004141,Amazon,3.5,3.67,2026-06-07
OFF-BI-10004182,Target,7.49,7.45,2026-06-07
OFF-BI-10004187,BestBuy,7.02,6.85,2026-06-07
OFF-BI-10004209,Walmart,18.25,17.86,2026-06-07
OFF-BI-10004224,Target,136.24,135.14,2026-06-07
OFF-BI-10004230,BestBuy,93.26,98.58,2026-06-07
OFF-BI-10004233,BestBuy,38.78,41.82,2026-06-07
OFF-BI-10004236,Target,38.61,42.13,2026-06-07
OFF-BI-10004308,Walmart,64.51,68.21,2026-06-07
OFF-BI-10004318,Target,404.36,389.43,2026-06-07
OFF-BI-10004330,BestBuy,94.56,98.12,2026-06-07
OFF-BI-10004352,Amazon,17.89,17.67,2026-06-07
OFF-BI-10004364,Amazon,10.44,9.93,2026-06-07
OFF-BI-10004390,Target,1052.45,1124.2,2026-06-07
OFF-BI-10004410,BestBuy,21.5,19.52,2026-06-07
OFF-BI-10004465,Amazon,10.3,11.13,2026-06-07
OFF-BI-10004492,BestBuy,95.64,94.9,2026-06-07
OFF-BI-10004506,Target,13.33,13.7,2026-06-07
OFF-BI-10004519,Amazon,369.31,381.08,2026-06-07
OFF-BI-10004528,BestBuy,10.08,10.88,2026-06-07
OFF-BI-10004584,Amazon,644.6,662.22,2026-06-07
OFF-BI-10004593,Target,137.55,140.68,2026-06-07
OFF-BI-10004600,BestBuy,998.17,911.66,2026-06-07
OFF-BI-10004632,Amazon,45.76,45.93,2026-06-07
OFF-BI-10004632,Target,490.76,456.42,2026-06-07
OFF-BI-10004654,Amazon,11.47,12.01,2026-06-07
OFF-BI-10004654,Amazon,40.94,41.04,2026-06-07
OFF-BI-10004656,Walmart,5.43,5.63,2026-06-07
OFF-BI-10004716,Walmart,16.32,14.82,2026-06-07
OFF-BI-10004728,Target,16.31,14.96,2026-06-07
OFF-BI-10004738,Walmart,23.68,24.7,2026-06-07
OFF-BI-10004781,Target,42.53,38.89,2026-06-07
OFF-BI-10004817,Walmart,22.42,20.5,2026-06-07
OFF-BI-10004826,Amazon,34.12,30.79,2026-06-07
OFF-BI-10004828,Target,42.69,46.59,2026-06-07
OFF-BI-10004876,Target,5.47,5.73,2026-06-07
OFF-BI-10004965,Amazon,26.29,25.52,2026-06-07
OFF-BI-10004967,Target,4.99,4.79,2026-06-07
OFF-BI-10004970,Target,11.31,10.97,2026-06-07
OFF-BI-10004995,Walmart,2994.18,3158.65,2026-06-07
OFF-EN-10000056,Target,194.47,200.75,2026-06-07
OFF-EN-10000461,BestBuy,26.44,24.78,2026-06-07
OFF-EN-10000483,Amazon,64.05,59.88,2026-06-07
OFF-EN-10000781,Walmart,37.58,34.56,2026-06-07
OFF-EN-10000927,Walmart,138.18,142.61,2026-06-07
OFF-EN-10001028,BestBuy,50.32,52.98,2026-06-07
OFF-EN-10001099,Amazon,32.08,30.57,2026-06-07
OFF-EN-10001137,Amazon,10.32,9.33,2026-06-07
OFF-EN-10001141,Walmart,31.29,28.68,2026-06-07
OFF-EN-10001219,Target,18.34,20.06,2026-06-07
OFF-EN-10001335,Walmart,56.16,53.86,2026-06-07
OFF-EN-10001415,Amazon,10.94,11.53,2026-06-07
OFF-EN-10001434,BestBuy,158.13,162.07,2026-06-07
OFF-EN-10001453,Walmart,187.82,183.39,2026-06-07
OFF-EN-10001509,Amazon,6.19,5.83,2026-06-07
OFF-EN-10001532,Walmart,48.9,45.2,2026-06-07
OFF-EN-10001535,Target,7.07,7.23,2026-06-07
OFF-EN-10001539,Walmart,28.01,29.55,2026-06-07
OFF-EN-10001749,Walmart,29.81,30.67,2026-06-07
OFF-EN-10001990,Amazon,21.77,21.9,2026-06-07
OFF-EN-10002230,Amazon,226.61,205.85,2026-06-07
OFF-EN-10002312,Amazon,27.17,29.72,2026-06-07
OFF-EN-10002500,Walmart,53.68,56.89,2026-06-07
OFF-EN-10002504,Target,81.54,78.16,2026-06-07
OFF-EN-10002592,BestBuy,44.0,48.22,2026-06-07
OFF-EN-10002600,BestBuy,13.32,13.59,2026-06-07
OFF-EN-10002621,Amazon,15.65,15.91,2026-06-07
OFF-EN-10002831,Amazon,203.66,213.76,2026-06-07
OFF-EN-10002973,Walmart,17.92,19.04,2026-06-07
OFF-EN-10002986,BestBuy,88.14,90.9,2026-06-07
OFF-EN-10003001,Amazon,340.12,314.82,2026-06-07
OFF-EN-10003040,Target,60.19,58.24,2026-06-07
OFF-EN-10003055,Target,111.94,121.52,2026-06-07
OFF-EN-10003068,Amazon,17.82,16.84,2026-06-07
OFF-EN-10003072,Amazon,15.71,15.31,2026-06-07
OFF-EN-10003134,BestBuy,35.37,34.89,2026-06-07
OFF-EN-10003160,BestBuy,21.84,21.58,2026-06-07
OFF-EN-10003286,Walmart,40.69,41.61,2026-06-07
OFF-EN-10003296,BestBuy,253.34,275.79,2026-06-07
OFF-EN-10003448,Target,44.0,41.72,2026-06-07
OFF-EN-10003567,Target,65.94,60.95,2026-06-07
OFF-EN-10003798,Amazon,34.14,32.07,2026-06-07
OFF-EN-10003845,BestBuy,10.18,10.97,2026-06-07
OFF-EN-10003862,Walmart,39.69,40.85,2026-06-07
OFF-EN-10004007,Target,62.28,59.61,2026-06-07
OFF-EN-10004030,Target,9.77,10.39,2026-06-07
OFF-EN-10004147,Walmart,16.74,17.95,2026-06-07
OFF-EN-10004206,Walmart,325.86,348.44,2026-06-07
OFF-EN-10004386,Target,51.82,56.16,2026-06-07
OFF-EN-10004459,Target,18.17,17.27,2026-06-07
OFF-EN-10004483,Walmart,69.84,73.4,2026-06-07
OFF-EN-10004773,Target,108.43,107.57,2026-06-07
OFF-EN-10004846,Amazon,9.18,9.81,2026-06-07
OFF-EN-10004955,Amazon,25.97,27.16,2026-06-07
OFF-FA-10000053,Walmart,8.0,8.44,2026-06-07
OFF-FA-10000089,BestBuy,19.6,20.21,2026-06-07
OFF-FA-10000134,Walmart,27.89,26.09,2026-06-07
OFF-FA-10000254,Walmart,9.89,9.98,2026-06-07
OFF-FA-10000304,BestBuy,7.85,8.61,2026-06-07
OFF-FA-10000490,BestBuy,3.12,3.39,2026-06-07
OFF-FA-10000585,BestBuy,11.52,10.47,2026-06-07
OFF-FA-10000611,Amazon,5.16,4.81,2026-06-07
OFF-FA-10000621,Target,19.95,18.48,2026-06-07
OFF-FA-10000624,Amazon,18.31,19.14,2026-06-07
OFF-FA-10000735,Target,10.86,11.55,2026-06-07
OFF-FA-10000840,Amazon,4.33,4.08,2026-06-07
OFF-FA-10000936,Target,11.19,11.2,2026-06-07
OFF-FA-10000992,Amazon,13.21,14.11,2026-06-07
OFF-FA-10001135,BestBuy,4.36,4.56,2026-06-07
OFF-FA-10001229,Walmart,9.96,10.04,2026-06-07
OFF-FA-10001332,Amazon,8.18,8.33,2026-06-07
OFF-FA-10001561,Target,8.72,8.73,2026-06-07
OFF-FA-10001754,BestBuy,4.05,3.89,2026-06-07
OFF-FA-10001843,Amazon,12.6,12.76,2026-06-07
OFF-FA-10001883,Amazon,49.4,51.27,2026-06-07
OFF-FA-10002280,BestBuy,22.5,24.18,2026-06-07
OFF-FA-10002676,Amazon,5.0,5.14,2026-06-07
OFF-FA-10002701,Walmart,6.72,7.07,2026-06-07
OFF-FA-10002763,Amazon,14.62,13.63,2026-06-07
OFF-FA-10002780,Walmart,18.6,18.46,2026-06-07
OFF-FA-10002815,Walmart,16.87,15.21,2026-06-07
OFF-FA-10002975,BestBuy,19.28,18.3,2026-06-07
OFF-FA-10002983,Amazon,15.46,16.16,2026-06-07
OFF-FA-10002988,BestBuy,7.34,8.06,2026-06-07
OFF-FA-10003021,Amazon,5.77,5.31,2026-06-07
OFF-FA-10003059,Amazon,4.3,4.22,2026-06-07
OFF-FA-10003112,Target,20.96,22.22,2026-06-07
OFF-FA-10003467,Amazon,7.42,6.98,2026-06-07
OFF-FA-10003472,BestBuy,5.14,5.2,2026-06-07
OFF-FA-10003485,Walmart,13.36,13.98,2026-06-07
OFF-FA-10003495,Amazon,27.45,28.09,2026-06-07
OFF-FA-10004076,Target,8.18,7.67,2026-06-07
OFF-FA-10004248,BestBuy,12.81,12.44,2026-06-07
OFF-FA-10004395,Amazon,15.45,16.33,2026-06-07
OFF-FA-10004838,BestBuy,8.37,8.46,2026-06-07
OFF-FA-10004854,Target,37.02,33.36,2026-06-07
OFF-FA-10004968,Target,14.59,15.35,2026-06-07
OFF-LA-10000081,BestBuy,12.56,11.39,2026-06-07
OFF-LA-10000121,Amazon,30.24,31.73,2026-06-07
OFF-LA-10000134,Walmart,9.45,8.89,2026-06-07
OFF-LA-10000240,Target,21.93,23.94,2026-06-07
OFF-LA-10000248,Amazon,11.44,11.14,2026-06-07
OFF-LA-10000262,Amazon,9.4,9.07,2026-06-07
OFF-LA-10000305,Walmart,24.26,22.56,2026-06-07
OFF-LA-10000407,Target,23.9,22.97,2026-06-07
OFF-LA-10000414,Target,38.81,41.73,2026-06-07
OFF-LA-10000443,Amazon,8.3,9.12,2026-06-07
OFF-LA-10000452,Amazon,8.51,8.29,2026-06-07
OFF-LA-10000476,Walmart,10.32,10.21,2026-06-07
OFF-LA-10000634,Walmart,8.09,8.45,2026-06-07
OFF-LA-10000973,Target,5.88,6.33,2026-06-07
OFF-LA-10001045,BestBuy,7.4,7.54,2026-06-07
OFF-LA-10001074,Target,70.17,68.65,2026-06-07
OFF-LA-10001158,Amazon,39.63,38.94,2026-06-07
OFF-LA-10001175,Target,11.95,12.42,2026-06-07
OFF-LA-10001297,BestBuy,41.4,37.29,2026-06-07
OFF-LA-10001317,Walmart,9.32,9.54,2026-06-07
OFF-LA-10001404,BestBuy,11.07,10.75,2026-06-07
OFF-LA-10001474,BestBuy,143.49,151.93,2026-06-07
OFF-LA-10001569,BestBuy,16.03,14.73,2026-06-07
OFF-LA-10001613,Walmart,8.73,8.88,2026-06-07
OFF-LA-10001641,BestBuy,13.31,13.26,2026-06-07
OFF-LA-10001771,BestBuy,18.72,19.25,2026-06-07
OFF-LA-10001934,BestBuy,27.41,25.02,2026-06-07
OFF-LA-10001982,Amazon,14.25,14.48,2026-06-07
OFF-LA-10002034,BestBuy,22.1,22.37,2026-06-07
OFF-LA-10002043,Walmart,31.88,32.27,2026-06-07
OFF-LA-10002195,BestBuy,18.23,18.61,2026-06-07
OFF-LA-10002271,BestBuy,9.61,9.95,2026-06-07
OFF-LA-10002312,Walmart,35.52,37.69,2026-06-07
OFF-LA-10002368,BestBuy,5.57,5.31,2026-06-07
OFF-LA-10002381,Walmart,12.01,12.79,2026-06-07
OFF-LA-10002473,BestBuy,9.22,9.22,2026-06-07
OFF-LA-10002475,Walmart,20.22,18.51,2026-06-07
OFF-LA-10002762,BestBuy,79.88,72.83,2026-06-07
OFF-LA-10002787,BestBuy,14.88,14.39,2026-06-07
OFF-LA-10002945,Amazon,25.62,27.08,2026-06-07
OFF-LA-10003077,Amazon,29.24,30.45,2026-06-07
OFF-LA-10003121,BestBuy,22.03,23.3,2026-06-07
OFF-LA-10003148,BestBuy,19.15,19.22,2026-06-07
OFF-LA-10003190,Target,8.7,8.6,2026-06-07
OFF-LA-10003223,Walmart,14.57,13.54,2026-06-07
OFF-LA-10003388,Target,5.76,5.56,2026-06-07
OFF-LA-10003498,Amazon,66.6,65.72,2026-06-07
OFF-LA-10003510,Amazon,112.13,102.9,2026-06-07
OFF-LA-10003537,Amazon,31.33,29.58,2026-06-07
OFF-LA-10003663,Amazon,11.75,11.98,2026-06-07
OFF-LA-10003714,BestBuy,7.25,7.59,2026-06-07
OFF-LA-10003720,Amazon,12.12,13.33,2026-06-07
OFF-LA-10003766,BestBuy,15.75,17.11,2026-06-07
OFF-LA-10003923,BestBuy,57.56,59.2,2026-06-07
OFF-LA-10003930,Amazon,415.36,408.82,2026-06-07
OFF-LA-10004008,Amazon,12.1,12.43,2026-06-07
OFF-LA-10004055,Walmart,7.36,7.78,2026-06-07
OFF-LA-10004093,Target,18.68,17.25,2026-06-07
OFF-LA-10004178,Amazon,15.14,14.87,2026-06-07
OFF-LA-10004272,Walmart,5.78,6.17,2026-06-07
OFF-LA-10004345,Walmart,13.99,13.66,2026-06-07
OFF-LA-10004409,Target,10.71,10.86,2026-06-07
OFF-LA-10004425,BestBuy,10.75,10.94,2026-06-07
OFF-LA-10004484,Amazon,13.71,12.84,2026-06-07
OFF-LA-10004544,Target,53.28,51.81,2026-06-07
OFF-LA-10004545,Amazon,47.11,45.55,2026-06-07
OFF-LA-10004559,Walmart,11.14,10.08,2026-06-07
OFF-LA-10004677,Walmart,13.28,12.02,2026-06-07
OFF-LA-10004689,BestBuy,16.88,18.0,2026-06-07
OFF-LA-10004853,Walmart,13.94,13.31,2026-06-07
OFF-PA-10000007,Walmart,17.04,17.1,2026-06-07
OFF-PA-10000019,Target,26.24,25.18,2026-06-07
OFF-PA-10000029,Amazon,15.98,17.39,2026-06-07
OFF-PA-10000048,Amazon,6.48,6.17,2026-06-07
OFF-PA-10000061,Target,37.58,37.05,2026-06-07
OFF-PA-10000062,BestBuy,171.48,184.26,2026-06-07
OFF-PA-10000069,Amazon,34.16,36.5,2026-06-07
OFF-PA-10000100,Walmart,212.12,198.8,2026-06-07
OFF-PA-10000130,Amazon,14.34,15.21,2026-06-07
OFF-PA-10000141,Walmart,6.87,6.81,2026-06-07
OFF-PA-10000143,BestBuy,24.11,24.03,2026-06-07
OFF-PA-10000157,Target,76.72,71.1,2026-06-07
OFF-PA-10000167,Amazon,81.58,74.74,2026-06-07
OFF-PA-10000174,Target,25.36,26.52,2026-06-07
OFF-PA-10000176,Amazon,64.02,63.97,2026-06-07
OFF-PA-10000210,Walmart,99.9,98.64,2026-06-07
OFF-PA-10000213,Target,25.23,26.39,2026-06-07
OFF-PA-10000223,Amazon,16.85,17.74,2026-06-07
OFF-PA-10000232,Walmart,14.0,13.04,2026-06-07
OFF-PA-10000241,Target,76.42,78.1,2026-06-07
OFF-PA-10000246,Target,27.36,25.36,2026-06-07
OFF-PA-10000249,Amazon,32.75,34.4,2026-06-07
OFF-PA-10000289,Amazon,18.58,19.16,2026-06-07
OFF-PA-10000295,Amazon,28.51,31.11,2026-06-07
OFF-PA-10000300,Walmart,51.95,47.47,2026-06-07
OFF-PA-10000304,Amazon,20.3,18.5,2026-06-07
OFF-PA-10000308,Target,16.9,16.16,2026-06-07
OFF-PA-10000312,Target,91.36,87.01,2026-06-07
OFF-PA-10000327,Amazon,18.97,18.01,2026-06-07
OFF-PA-10000349,Amazon,13.17,14.24,2026-06-07
OFF-PA-10000350,BestBuy,25.68,24.39,2026-06-07
OFF-PA-10000357,Target,151.66,144.74,2026-06-07
OFF-PA-10000357,Walmart,205.28,215.93,2026-06-07
OFF-PA-10000380,BestBuy,35.24,34.89,2026-06-07
OFF-PA-10000418,Amazon,297.08,313.52,2026-06-07
OFF-PA-10000466,Amazon,25.61,23.38,2026-06-07
OFF-PA-10000474,Target,92.14,91.91,2026-06-07
OFF-PA-10000477,Amazon,24.4,22.12,2026-06-07
OFF-PA-10000477,Walmart,25.06,22.87,2026-06-07
OFF-PA-10000482,Target,169.47,183.25,2026-06-07
OFF-PA-10000483,Amazon,103.78,96.29,2026-06-07
OFF-PA-10000501,Target,77.29,77.79,2026-06-07
OFF-PA-10000520,Amazon,22.03,21.64,2026-06-07
OFF-PA-10000528,Amazon,17.69,17.15,2026-06-07
OFF-PA-10000533,Amazon,13.95,15.07,2026-06-07
OFF-PA-10000551,Walmart,18.3,16.55,2026-06-07
OFF-PA-10000552,Walmart,16.85,17.4,2026-06-07
OFF-PA-10000556,Target,27.22,29.74,2026-06-07
OFF-PA-10000565,Amazon,139.95,141.63,2026-06-07
OFF-PA-10000575,Amazon,31.16,33.88,2026-06-07
OFF-PA-10000587,Walmart,26.57,24.19,2026-06-07
OFF-PA-10000595,Amazon,87.93,86.5,2026-06-07
OFF-PA-10000605,Walmart,16.57,15.78,2026-06-07
OFF-PA-10000659,Amazon,31.64,33.1,2026-06-07
OFF-PA-10000659,Target,101.62,111.4,2026-06-07
OFF-PA-10000673,Amazon,31.3,29.78,2026-06-07
OFF-PA-10000675,Amazon,173.98,179.34,2026-06-07
OFF-PA-10000682,BestBuy,15.03,14.12,2026-06-07
OFF-PA-10000697,Walmart,16.5,16.72,2026-06-07
OFF-PA-10000726,Amazon,40.08,39.79,2026-06-07
OFF-PA-10000740,Amazon,79.18,86.65,2026-06-07
OFF-PA-10000743,BestBuy,21.82,22.29,2026-06-07
OFF-PA-10000788,BestBuy,15.98,15.5,2026-06-07
OFF-PA-10000791,Walmart,19.24,17.76,2026-06-07
OFF-PA-10000806,BestBuy,219.44,204.13,2026-06-07
OFF-PA-10000807,Target,23.4,22.11,2026-06-07
OFF-PA-10000809,BestBuy,12.18,11.57,2026-06-07
OFF-PA-10000859,Target,9.15,9.79,2026-06-07
OFF-PA-10000919,Walmart,155.04,156.94,2026-06-07
OFF-PA-10000955,Walmart,12.64,12.7,2026-06-07
OFF-PA-10000994,Walmart,309.89,286.01,2026-06-07
OFF-PA-10001001,Walmart,93.25,99.97,2026-06-07
OFF-PA-10001019,Walmart,67.93,70.96,2026-06-07
OFF-PA-10001033,Target,130.42,119.14,2026-06-07
OFF-PA-10001125,Target,122.54,127.63,2026-06-07
OFF-PA-10001144,Walmart,173.1,174.61,2026-06-07
OFF-PA-10001166,BestBuy,85.06,77.94,2026-06-07
OFF-PA-10001166,Amazon,15.26,15.13,2026-06-07
OFF-PA-10001184,Walmart,23.12,23.05,2026-06-07
OFF-PA-10001204,BestBuy,9.29,8.67,2026-06-07
OFF-PA-10001215,Amazon,25.7,27.99,2026-06-07
OFF-PA-10001243,Walmart,14.95,16.0,2026-06-07
OFF-PA-10001246,Walmart,22.68,23.45,2026-06-07
OFF-PA-10001260,Target,44.06,43.73,2026-06-07
OFF-PA-10001274,Amazon,9.12,8.96,2026-06-07
OFF-PA-10001281,Amazon,191.6,197.39,2026-06-07
OFF-PA-10001289,BestBuy,159.88,161.33,2026-06-07
OFF-PA-10001293,Target,26.35,24.04,2026-06-07
OFF-PA-10001295,Target,57.99,58.14,2026-06-07
OFF-PA-10001307,Target,13.65,14.49,2026-06-07
OFF-PA-10001357,Target,130.29,129.23,2026-06-07
OFF-PA-10001363,Amazon,58.94,53.66,2026-06-07
OFF-PA-10001450,Amazon,19.92,21.06,2026-06-07
OFF-PA-10001457,Walmart,93.25,87.68,2026-06-07
OFF-PA-10001461,Walmart,43.42,41.32,2026-06-07
OFF-PA-10001471,Target,29.24,27.28,2026-06-07
OFF-PA-10001497,Target,191.26,184.77,2026-06-07
OFF-PA-10001509,Target,53.7,56.46,2026-06-07
OFF-PA-10001526,Walmart,14.32,14.38,2026-06-07
OFF-PA-10001534,BestBuy,25.4,23.9,2026-06-07
OFF-PA-10001560,BestBuy,16.19,17.41,2026-06-07
OFF-PA-10001569,Walmart,30.13,32.42,2026-06-07
OFF-PA-10001583,Walmart,24.99,26.84,2026-06-07
OFF-PA-10001593,Walmart,27.27,25.85,2026-06-07
OFF-PA-10001609,Walmart,12.28,12.16,2026-06-07
OFF-PA-10001622,Walmart,9.53,10.45,2026-06-07
OFF-PA-10001639,Walmart,23.98,25.28,2026-06-07
OFF-PA-10001661,Target,11.95,10.82,2026-06-07
OFF-PA-10001667,Target,21.23,19.38,2026-06-07
OFF-PA-10001685,Target,51.51,51.14,2026-06-07
OFF-PA-10001712,Target,49.95,54.04,2026-06-07
OFF-PA-10001725,Walmart,89.15,89.84,2026-06-07
OFF-PA-10001736,BestBuy,124.75,124.7,2026-06-07
OFF-PA-10001745,Amazon,36.14,33.29,2026-06-07
OFF-PA-10001752,Walmart,10.96,11.3,2026-06-07
OFF-PA-10001763,Amazon,24.98,26.59,2026-06-07
OFF-PA-10001776,BestBuy,27.4,26.74,2026-06-07
OFF-PA-10001790,Target,117.22,123.68,2026-06-07
OFF-PA-10001800,BestBuy,18.14,19.83,2026-06-07
OFF-PA-10001801,Walmart,25.91,24.37,2026-06-07
OFF-PA-10001804,Target,20.54,20.64,2026-06-07
OFF-PA-10001815,Walmart,192.16,183.98,2026-06-07
OFF-PA-10001826,Target,20.09,21.27,2026-06-07
OFF-PA-10001837,Amazon,18.14,18.42,2026-06-07
OFF-PA-10001838,Amazon,13.29,13.65,2026-06-07
OFF-PA-10001846,Amazon,13.87,14.7,2026-06-07
OFF-PA-10001870,BestBuy,21.38,20.94,2026-06-07
OFF-PA-10001878,Walmart,188.65,204.31,2026-06-07
OFF-PA-10001892,BestBuy,22.0,22.15,2026-06-07
OFF-PA-10001934,Amazon,18.47,17.21,2026-06-07
OFF-PA-10001937,Walmart,17.77,18.47,2026-06-07
OFF-PA-10001947,Amazon,14.35,15.19,2026-06-07
OFF-PA-10001950,BestBuy,40.03,38.56,2026-06-07
OFF-PA-10001952,BestBuy,41.11,44.05,2026-06-07
OFF-PA-10001954,BestBuy,144.35,156.08,2026-06-07
OFF-PA-10001970,Amazon,37.86,36.17,2026-06-07
OFF-PA-10001970,Walmart,244.71,268.37,2026-06-07
OFF-PA-10001972,Walmart,23.9,22.18,2026-06-07
OFF-PA-10001977,Amazon,110.96,104.35,2026-06-07
OFF-PA-10001994,Walmart,40.46,37.9,2026-06-07
OFF-PA-10002001,Amazon,12.96,13.98,2026-06-07
OFF-PA-10002005,Walmart,21.89,22.57,2026-06-07
OFF-PA-10002036,Target,27.73,25.8,2026-06-07
OFF-PA-10002105,Target,19.44,19.21,2026-06-07
OFF-PA-10002109,BestBuy,7.62,7.8,2026-06-07
OFF-PA-10002120,Target,172.21,157.86,2026-06-07
OFF-PA-10002137,Target,37.57,40.44,2026-06-07
OFF-PA-10002160,Target,21.82,23.14,2026-06-07
OFF-PA-10002195,Amazon,14.9,14.92,2026-06-07
OFF-PA-10002195,Target,13.18,14.41,2026-06-07
OFF-PA-10002222,Target,98.97,97.34,2026-06-07
OFF-PA-10002230,BestBuy,16.93,18.57,2026-06-07
OFF-PA-10002245,Target,27.34,28.26,2026-06-07
OFF-PA-10002246,Target,20.0,20.54,2026-06-07
OFF-PA-10002250,Walmart,19.79,18.47,2026-06-07
OFF-PA-10002254,BestBuy,125.87,135.48,2026-06-07
OFF-PA-10002259,BestBuy,25.36,24.99,2026-06-07
OFF-PA-10002262,BestBuy,23.76,22.15,2026-06-07
OFF-PA-10002319,BestBuy,95.61,86.29,2026-06-07
OFF-PA-10002333,BestBuy,15.55,15.74,2026-06-07
OFF-PA-10002365,BestBuy,17.88,17.98,2026-06-07
OFF-PA-10002377,Amazon,24.67,25.75,2026-06-07
OFF-PA-10002377,Target,118.85,128.13,2026-06-07
OFF-PA-10002421,BestBuy,71.1,65.12,2026-06-07
OFF-PA-10002464,Target,26.59,27.82,2026-06-07
OFF-PA-10002479,Target,17.42,16.33,2026-06-07
OFF-PA-10002499,Amazon,122.35,131.11,2026-06-07
OFF-PA-10002552,BestBuy,16.2,17.23,2026-06-07
OFF-PA-10002558,Walmart,268.24,270.43,2026-06-07
OFF-PA-10002581,Amazon,125.99,131.29,2026-06-07
OFF-PA-10002586,Walmart,16.93,16.3,2026-06-07
OFF-PA-10002606,Target,31.15,30.97,2026-06-07
OFF-PA-10002615,Target,13.34,14.2,2026-06-07
OFF-PA-10002659,Amazon,13.66,13.55,2026-06-07
OFF-PA-10002666,Amazon,41.68,40.49,2026-06-07
OFF-PA-10002689,Walmart,31.1,31.06,2026-06-07
OFF-PA-10002709,BestBuy,44.85,47.79,2026-06-07
OFF-PA-10002713,Walmart,28.38,27.44,2026-06-07
OFF-PA-10002741,Amazon,17.12,16.0,2026-06-07
OFF-PA-10002749,Walmart,24.08,25.1,2026-06-07
OFF-PA-10002751,Amazon,22.42,23.88,2026-06-07
OFF-PA-10002764,Walmart,56.7,52.17,2026-06-07
OFF-PA-10002787,Amazon,15.07,14.29,2026-06-07
OFF-PA-10002870,Amazon,24.96,23.17,2026-06-07
OFF-PA-10002893,Amazon,25.17,24.4,2026-06-07
OFF-PA-10002923,BestBuy,99.51,98.52,2026-06-07
OFF-PA-10002947,Walmart,18.97,19.91,2026-06-07
OFF-PA-10002960,Walmart,34.86,35.91,2026-06-07
OFF-PA-10002968,Walmart,84.51,86.55,2026-06-07
OFF-PA-10002986,Amazon,25.51,24.76,2026-06-07
OFF-PA-10003001,Walmart,21.38,22.84,2026-06-07
OFF-PA-10003016,Walmart,14.57,14.49,2026-06-07
OFF-PA-10003022,Amazon,105.5,115.61,2026-06-07
OFF-PA-10003022,Target,21.53,22.11,2026-06-07
OFF-PA-10003036,Amazon,16.02,14.82,2026-06-07
OFF-PA-10003039,Walmart,146.64,151.81,2026-06-07
OFF-PA-10003063,Amazon,17.6,16.98,2026-06-07
OFF-PA-10003072,Target,18.36,19.04,2026-06-07
OFF-PA-10003127,Amazon,54.52,49.83,2026-06-07
OFF-PA-10003129,Walmart,171.18,160.05,2026-06-07
OFF-PA-10003134,Target,124.9,133.79,2026-06-07
OFF-PA-10003172,BestBuy,22.03,20.83,2026-06-07
OFF-PA-10003177,Walmart,14.07,15.02,2026-06-07
OFF-PA-10003205,Target,17.97,17.18,2026-06-07
OFF-PA-10003228,Target,244.55,251.54,2026-06-07
OFF-PA-10003256,BestBuy,34.62,35.96,2026-06-07
OFF-PA-10003270,Amazon,21.12,21.17,2026-06-07
OFF-PA-10003302,Amazon,156.95,150.84,2026-06-07
OFF-PA-10003309,Walmart,26.24,24.73,2026-06-07
OFF-PA-10003349,BestBuy,15.98,14.49,2026-06-07
OFF-PA-10003363,Amazon,27.54,26.46,2026-06-07
OFF-PA-10003395,BestBuy,348.1,358.76,2026-06-07
OFF-PA-10003424,Amazon,8.41,9.15,2026-06-07
OFF-PA-10003441,Target,30.4,32.66,2026-06-07
OFF-PA-10003465,Amazon,50.27,52.95,2026-06-07
OFF-PA-10003543,BestBuy,12.96,13.71,2026-06-07
OFF-PA-10003591,Target,50.51,52.18,2026-06-07
OFF-PA-10003625,Target,109.46,104.21,2026-06-07
OFF-PA-10003641,Target,107.86,116.64,2026-06-07
OFF-PA-10003651,BestBuy,33.13,34.26,2026-06-07
OFF-PA-10003656,Walmart,134.54,136.17,2026-06-07
OFF-PA-10003657,Walmart,13.01,12.0,2026-06-07
OFF-PA-10003673,Walmart,27.27,26.98,2026-06-07
OFF-PA-10003724,BestBuy,26.37,26.16,2026-06-07
OFF-PA-10003729,Target,23.33,25.03,2026-06-07
OFF-PA-10003739,Walmart,11.56,11.67,2026-06-07
OFF-PA-10003790,BestBuy,95.93,93.64,2026-06-07
OFF-PA-10003797,Walmart,37.58,41.16,2026-06-07
OFF-PA-10003823,Amazon,167.29,154.27,2026-06-07
OFF-PA-10003845,Walmart,23.12,22.76,2026-06-07
OFF-PA-10003848,Walmart,22.36,20.31,2026-06-07
OFF-PA-10003883,Target,23.84,24.98,2026-06-07
OFF-PA-10003892,BestBuy,185.86,201.4,2026-06-07
OFF-PA-10003893,Target,15.65,14.96,2026-06-07
OFF-PA-10003919,Target,7.97,8.54,2026-06-07
OFF-PA-10003936,Target,19.12,18.33,2026-06-07
OFF-PA-10003953,Target,9.85,10.66,2026-06-07
OFF-PA-10003971,Target,14.05,14.76,2026-06-07
OFF-PA-10004000,Walmart,12.53,13.29,2026-06-07
OFF-PA-10004022,Target,14.98,13.54,2026-06-07
OFF-PA-10004039,Target,123.16,134.56,2026-06-07
OFF-PA-10004040,BestBuy,25.83,27.0,2026-06-07
OFF-PA-10004041,Amazon,26.89,25.84,2026-06-07
OFF-PA-10004071,Walmart,109.85,117.09,2026-06-07
OFF-PA-10004082,Walmart,31.92,30.53,2026-06-07
OFF-PA-10004092,Walmart,114.19,122.7,2026-06-07
OFF-PA-10004100,Target,29.81,27.5,2026-06-07
OFF-PA-10004101,Target,33.96,35.34,2026-06-07
OFF-PA-10004156,Target,26.65,26.87,2026-06-07
OFF-PA-10004239,BestBuy,11.77,10.82,2026-06-07
OFF-PA-10004243,Amazon,83.47,79.16,2026-06-07
OFF-PA-10004248,Target,18.48,16.68,2026-06-07
OFF-PA-10004255,Amazon,24.3,24.15,2026-06-07
OFF-PA-10004285,BestBuy,22.27,21.38,2026-06-07
OFF-PA-10004327,Walmart,120.71,123.08,2026-06-07
OFF-PA-10004353,Target,105.49,101.21,2026-06-07
OFF-PA-10004355,Amazon,15.81,15.18,2026-06-07
OFF-PA-10004359,Amazon,377.46,395.82,2026-06-07
OFF-PA-10004381,Target,105.69,96.14,2026-06-07
OFF-PA-10004405,Walmart,14.6,15.78,2026-06-07
OFF-PA-10004438,Walmart,40.93,43.81,2026-06-07
OFF-PA-10004451,Walmart,19.25,19.9,2026-06-07
OFF-PA-10004470,BestBuy,13.63,13.88,2026-06-07
OFF-PA-10004475,Amazon,153.89,165.96,2026-06-07
OFF-PA-10004519,Amazon,15.01,14.07,2026-06-07
OFF-PA-10004530,Amazon,80.36,73.59,2026-06-07
OFF-PA-10004569,BestBuy,18.26,17.31,2026-06-07
OFF-PA-10004609,Amazon,20.09,21.27,2026-06-07
OFF-PA-10004610,BestBuy,15.04,13.64,2026-06-07
OFF-PA-10004621,Walmart,20.18,20.51,2026-06-07
OFF-PA-10004665,Target,45.59,50.11,2026-06-07
OFF-PA-10004675,Amazon,16.51,17.68,2026-06-07
OFF-PA-10004733,Amazon,27.46,27.58,2026-06-07
OFF-PA-10004734,Walmart,36.4,33.22,2026-06-07
OFF-PA-10004735,Target,29.29,31.23,2026-06-07
OFF-PA-10004782,BestBuy,24.3,24.78,2026-06-07
OFF-PA-10004888,Target,18.95,17.49,2026-06-07
OFF-PA-10004911,Walmart,39.4,36.2,2026-06-07
OFF-PA-10004947,Walmart,16.26,17.59,2026-06-07
OFF-PA-10004948,Target,14.94,15.45,2026-06-07
OFF-PA-10004965,BestBuy,18.65,19.88,2026-06-07
OFF-PA-10004971,BestBuy,11.56,12.44,2026-06-07
OFF-PA-10004983,Amazon,23.54,23.88,2026-06-07
OFF-PA-10004996,BestBuy,36.29,36.42,2026-06-07
OFF-ST-10000025,Target,424.66,418.75,2026-06-07
OFF-ST-10000036,Walmart,309.54,298.21,2026-06-07
OFF-ST-10000046,Amazon,445.16,439.34,2026-06-07
OFF-ST-10000060,Amazon,326.52,344.41,2026-06-07
OFF-ST-10000078,Walmart,993.18,1013.43,2026-06-07
OFF-ST-10000107,BestBuy,119.32,128.69,2026-06-07
OFF-ST-10000129,Walmart,429.32,424.46,2026-06-07
OFF-ST-10000136,BestBuy,170.71,174.37,2026-06-07
OFF-ST-10000142,Walmart,1114.56,1143.83,2026-06-07
OFF-ST-10000321,Target,15.25,15.53,2026-06-07
OFF-ST-10000344,BestBuy,39.52,41.12,2026-06-07
OFF-ST-10000352,Target,52.04,49.31,2026-06-07
OFF-ST-10000419,Amazon,45.4,45.51,2026-06-07
OFF-ST-10000464,Walmart,73.69,67.86,2026-06-07
OFF-ST-10000532,Amazon,185.99,181.69,2026-06-07
OFF-ST-10000563,Amazon,118.86,118.57,2026-06-07
OFF-ST-10000585,Amazon,448.4,462.05,2026-06-07
OFF-ST-10000604,Amazon,140.03,152.65,2026-06-07
OFF-ST-10000615,Walmart,43.41,44.28,2026-06-07
OFF-ST-10000617,Amazon,11.52,12.08,2026-06-07
OFF-ST-10000636,Walmart,74.13,74.22,2026-06-07
OFF-ST-10000642,Walmart,67.14,68.94,2026-06-07
OFF-ST-10000649,Target,50.24,45.93,2026-06-07
OFF-ST-10000675,BestBuy,160.74,152.84,2026-06-07
OFF-ST-10000676,BestBuy,290.79,282.76,2026-06-07
OFF-ST-10000689,Walmart,639.86,636.34,2026-06-07
OFF-ST-10000736,Target,252.39,229.46,2026-06-07
OFF-ST-10000760,Walmart,60.39,56.04,2026-06-07
OFF-ST-10000777,Walmart,122.34,116.88,2026-06-07
OFF-ST-10000798,Walmart,86.18,94.31,2026-06-07
OFF-ST-10000876,Target,43.23,41.77,2026-06-07
OFF-ST-10000877,BestBuy,268.16,267.2,2026-06-07
OFF-ST-10000885,Target,50.36,47.3,2026-06-07
OFF-ST-10000918,Amazon,25.23,25.79,2026-06-07
OFF-ST-10000934,Target,119.66,114.41,2026-06-07
OFF-ST-10000943,Target,87.72,82.58,2026-06-07
OFF-ST-10000991,Target,379.4,380.66,2026-06-07
OFF-ST-10001031,Target,54.05,48.7,2026-06-07
OFF-ST-10001034,BestBuy,79.4,71.58,2026-06-07
OFF-ST-10001097,Amazon,635.63,599.92,2026-06-07
OFF-ST-10001128,BestBuy,455.02,412.86,2026-06-07
OFF-ST-10001172,BestBuy,81.4,75.02,2026-06-07
OFF-ST-10001228,Target,71.18,68.89,2026-06-07
OFF-ST-10001228,Walmart,35.52,37.67,2026-06-07
OFF-ST-10001272,Walmart,293.15,297.37,2026-06-07
OFF-ST-10001291,BestBuy,46.0,46.12,2026-06-07
OFF-ST-10001321,BestBuy,57.57,55.19,2026-06-07
OFF-ST-10001325,Target,31.44,34.15,2026-06-07
OFF-ST-10001328,BestBuy,57.39,56.21,2026-06-07
OFF-ST-10001370,Target,310.54,284.9,2026-06-07
OFF-ST-10001414,Walmart,46.26,47.34,2026-06-07
OFF-ST-10001418,Walmart,214.65,198.07,2026-06-07
OFF-ST-10001469,Amazon,169.65,164.4,2026-06-07
OFF-ST-10001476,Walmart,187.49,187.77,2026-06-07
OFF-ST-10001490,BestBuy,626.02,672.87,2026-06-07
OFF-ST-10001496,Walmart,659.5,658.65,2026-06-07
OFF-ST-10001505,Target,22.57,23.48,2026-06-07
OFF-ST-10001511,Walmart,278.92,306.41,2026-06-07
OFF-ST-10001522,Amazon,229.98,213.03,2026-06-07
OFF-ST-10001526,Walmart,718.97,686.58,2026-06-07
OFF-ST-10001558,Target,41.63,40.75,2026-06-07
OFF-ST-10001580,Target,35.95,35.39,2026-06-07
OFF-ST-10001590,BestBuy,51.76,50.84,2026-06-07
OFF-ST-10001627,Walmart,36.74,39.74,2026-06-07
OFF-ST-10001713,Target,158.97,165.77,2026-06-07
OFF-ST-10001780,Amazon,1503.1,1535.54,2026-06-07
OFF-ST-10001809,BestBuy,409.95,394.32,2026-06-07
OFF-ST-10001837,Amazon,155.0,165.04,2026-06-07
OFF-ST-10001932,Walmart,689.89,752.68,2026-06-07
OFF-ST-10001963,Walmart,441.13,469.47,2026-06-07
OFF-ST-10002011,Walmart,1592.92,1434.13,2026-06-07
OFF-ST-10002182,BestBuy,94.7,97.28,2026-06-07
OFF-ST-10002205,Target,87.56,79.7,2026-06-07
OFF-ST-10002214,BestBuy,35.38,33.66,2026-06-07
OFF-ST-10002276,Amazon,136.71,124.67,2026-06-07
OFF-ST-10002289,BestBuy,101.7,103.81,2026-06-07
OFF-ST-10002292,Amazon,853.25,885.09,2026-06-07
OFF-ST-10002301,BestBuy,41.58,38.37,2026-06-07
OFF-ST-10002344,Target,204.47,199.72,2026-06-07
OFF-ST-10002352,Amazon,37.51,37.18,2026-06-07
OFF-ST-10002370,Walmart,80.57,78.46,2026-06-07
OFF-ST-10002406,Walmart,58.88,54.42,2026-06-07
OFF-ST-10002444,BestBuy,39.3,38.66,2026-06-07
OFF-ST-10002485,Walmart,55.5,58.29,2026-06-07
OFF-ST-10002486,Amazon,37.52,34.3,2026-06-07
OFF-ST-10002554,Walmart,142.38,130.43,2026-06-07
OFF-ST-10002562,Target,31.36,30.45,2026-06-07
OFF-ST-10002574,Target,419.95,457.05,2026-06-07
OFF-ST-10002583,BestBuy,68.67,70.99,2026-06-07
OFF-ST-10002615,Amazon,730.5,756.6,2026-06-07
OFF-ST-10002743,Target,470.47,457.48,2026-06-07
OFF-ST-10002756,Target,626.29,638.02,2026-06-07
OFF-ST-10002790,Amazon,165.42,149.21,2026-06-07
OFF-ST-10002957,Walmart,15.63,16.06,2026-06-07
OFF-ST-10002974,Walmart,170.55,184.65,2026-06-07
OFF-ST-10003058,BestBuy,118.25,120.91,2026-06-07
OFF-ST-10003123,Walmart,85.89,92.31,2026-06-07
OFF-ST-10003208,Amazon,644.18,673.04,2026-06-07
OFF-ST-10003221,Target,17.8,16.45,2026-06-07
OFF-ST-10003282,Walmart,262.94,284.1,2026-06-07
OFF-ST-10003306,BestBuy,575.01,525.15,2026-06-07
OFF-ST-10003324,Walmart,124.18,125.02,2026-06-07
OFF-ST-10003327,Amazon,28.3,26.27,2026-06-07
OFF-ST-10003442,BestBuy,99.92,90.16,2026-06-07
OFF-ST-10003455,Walmart,48.3,47.55,2026-06-07
OFF-ST-10003470,BestBuy,1136.55,1089.96,2026-06-07
OFF-ST-10003479,Amazon,124.61,124.26,2026-06-07
OFF-ST-10003572,Target,49.56,50.33,2026-06-07
OFF-ST-10003638,Amazon,89.93,81.72,2026-06-07
OFF-ST-10003641,Amazon,173.36,160.29,2026-06-07
OFF-ST-10003656,Amazon,272.61,275.81,2026-06-07
OFF-ST-10003692,Amazon,175.51,170.0,2026-06-07
OFF-ST-10003716,Target,802.57,839.36,2026-06-07
OFF-ST-10003722,Target,48.4,49.87,2026-06-07
OFF-ST-10003805,BestBuy,884.31,945.43,2026-06-07
OFF-ST-10003816,Walmart,493.33,512.32,2026-06-07
OFF-ST-10003994,Target,212.33,209.35,2026-06-07
OFF-ST-10003996,Target,54.6,56.49,2026-06-07
OFF-ST-10004123,Walmart,313.88,299.78,2026-06-07
OFF-ST-10004180,Target,96.74,92.99,2026-06-07
OFF-ST-10004186,Amazon,510.51,540.02,2026-06-07
OFF-ST-10004258,Amazon,37.44,37.04,2026-06-07
OFF-ST-10004337,Walmart,289.05,306.3,2026-06-07
OFF-ST-10004340,BestBuy,230.07,244.91,2026-06-07
OFF-ST-10004459,BestBuy,1144.79,1226.66,2026-06-07
OFF-ST-10004507,Walmart,42.88,46.45,2026-06-07
OFF-ST-10004634,Walmart,24.29,23.95,2026-06-07
OFF-ST-10004804,Amazon,140.03,134.96,2026-06-07
OFF-ST-10004835,BestBuy,8.93,9.08,2026-06-07
OFF-ST-10004946,Target,129.84,126.49,2026-06-07
OFF-ST-10004950,Amazon,62.24,63.5,2026-06-07
OFF-ST-10004950,Walmart,55.84,58.14,2026-06-07
OFF-ST-10004963,BestBuy,58.04,60.23,2026-06-07
OFF-SU-10000151,Target,5676.77,5534.34,2026-06-07
OFF-SU-10000157,Target,372.84,348.0,2026-06-07
OFF-SU-10000381,Amazon,34.91,34.42,2026-06-07
OFF-SU-10000432,BestBuy,10.41,9.67,2026-06-07
OFF-SU-10000646,BestBuy,567.27,611.53,2026-06-07
OFF-SU-10000898,Walmart,65.53,63.51,2026-06-07
OFF-SU-10000946,BestBuy,38.3,35.65,2026-06-07
OFF-SU-10000952,BestBuy,32.56,29.47,2026-06-07
OFF-SU-10001165,Amazon,19.02,19.57,2026-06-07
OFF-SU-10001212,BestBuy,4.78,4.91,2026-06-07
OFF-SU-10001218,Target,43.92,42.52,2026-06-07
OFF-SU-10001225,Amazon,10.03,9.17,2026-06-07
OFF-SU-10001574,Amazon,7.66,7.52,2026-06-07
OFF-SU-10001664,Walmart,22.77,21.91,2026-06-07
OFF-SU-10001935,BestBuy,4.94,5.11,2026-06-07
OFF-SU-10002189,Walmart,14.56,14.87,2026-06-07
OFF-SU-10002301,Target,11.93,11.61,2026-06-07
OFF-SU-10002503,Amazon,22.72,21.44,2026-06-07
OFF-SU-10002522,Amazon,8.85,9.71,2026-06-07
OFF-SU-10002537,Amazon,51.15,50.68,2026-06-07
OFF-SU-10002557,Target,18.87,19.58,2026-06-07
OFF-SU-10002573,Target,56.1,52.07,2026-06-07
OFF-SU-10002881,Walmart,2776.03,2768.03,2026-06-07
OFF-SU-10003002,Walmart,5.04,4.56,2026-06-07
OFF-SU-10003505,Walmart,330.2,330.56,2026-06-07
OFF-SU-10003567,BestBuy,34.08,37.24,2026-06-07
OFF-SU-10003936,Amazon,7.0,6.84,2026-06-07
OFF-SU-10004115,Amazon,20.36,18.48,2026-06-07
OFF-SU-10004231,Walmart,32.67,29.61,2026-06-07
OFF-SU-10004261,Amazon,54.31,53.09,2026-06-07
OFF-SU-10004290,Walmart,15.05,14.03,2026-06-07
OFF-SU-10004498,BestBuy,33.86,30.63,2026-06-07
OFF-SU-10004661,BestBuy,20.4,21.45,2026-06-07
OFF-SU-10004664,Target,41.51,41.17,2026-06-07
OFF-SU-10004737,BestBuy,29.64,28.39,2026-06-07
OFF-SU-10004768,Walmart,11.86,12.81,2026-06-07
OFF-SU-10004782,BestBuy,25.59,23.63,2026-06-07
OFF-SU-10004884,Target,65.02,70.95,2026-06-07
TEC-AC-10000023,Amazon,100.66,96.91,2026-06-07
TEC-AC-10000057,Walmart,111.56,120.23,2026-06-07
TEC-AC-10000109,Amazon,165.48,168.89,2026-06-07
TEC-AC-10000158,Target,99.97,106.5,2026-06-07
TEC-AC-10000171,Target,49.66,54.47,2026-06-07
TEC-AC-10000199,Target,14.68,14.06,2026-06-07
TEC-AC-10000290,Amazon,24.1,26.32,2026-06-07
TEC-AC-10000303,Amazon,79.98,78.21,2026-06-07
TEC-AC-10000358,Amazon,148.16,144.77,2026-06-07
TEC-AC-10000387,Amazon,25.03,24.23,2026-06-07
TEC-AC-10000397,Target,139.96,141.12,2026-06-07
TEC-AC-10000420,Target,349.95,325.74,2026-06-07
TEC-AC-10000474,Walmart,281.8,284.83,2026-06-07
TEC-AC-10000487,Walmart,12.98,13.09,2026-06-07
TEC-AC-10000521,Amazon,20.2,21.26,2026-06-07
TEC-AC-10000580,BestBuy,259.97,277.32,2026-06-07
TEC-AC-10000682,BestBuy,53.64,53.0,2026-06-07
TEC-AC-10000710,Target,98.88,94.97,2026-06-07
TEC-AC-10000736,Target,201.97,192.25,2026-06-07
TEC-AC-10000844,Target,295.34,277.3,2026-06-07
TEC-AC-10000865,Walmart,177.0,161.34,2026-06-07
TEC-AC-10000892,Walmart,270.0,261.49,2026-06-07
TEC-AC-10000926,Target,59.98,57.22,2026-06-07
TEC-AC-10000927,Target,122.96,134.43,2026-06-07
TEC-AC-10000990,Target,699.63,707.7,2026-06-07
TEC-AC-10000991,BestBuy,145.67,141.22,2026-06-07
TEC-AC-10001013,Walmart,88.85,90.28,2026-06-07
TEC-AC-10001090,BestBuy,53.98,50.08,2026-06-07
TEC-AC-10001101,BestBuy,47.69,47.16,2026-06-07
TEC-AC-10001109,Target,85.97,88.14,2026-06-07
TEC-AC-10001114,Target,147.96,147.63,2026-06-07
TEC-AC-10001142,Amazon,344.44,337.67,2026-06-07
TEC-AC-10001266,Amazon,37.38,41.07,2026-06-07
TEC-AC-10001267,BestBuy,93.44,100.55,2026-06-07
TEC-AC-10001284,Walmart,93.88,96.2,2026-06-07
TEC-AC-10001314,Target,153.72,155.85,2026-06-07
TEC-AC-10001383,Target,121.62,124.55,2026-06-07
TEC-AC-10001432,BestBuy,328.23,308.62,2026-06-07
TEC-AC-10001445,Amazon,14.14,13.84,2026-06-07
TEC-AC-10001465,Walmart,131.56,119.44,2026-06-07
TEC-AC-10001539,Amazon,311.96,310.43,2026-06-07
TEC-AC-10001542,Amazon,35.97,36.28,2026-06-07
TEC-AC-10001552,Amazon,230.93,218.36,2026-06-07
TEC-AC-10001553,Amazon,74.76,81.7,2026-06-07
TEC-AC-10001590,Target,62.5,67.62,2026-06-07
TEC-AC-10001606,Target,257.12,268.54,2026-06-07
TEC-AC-10001635,Amazon,49.34,49.67,2026-06-07
TEC-AC-10001714,Walmart,112.83,121.18,2026-06-07
TEC-AC-10001767,BestBuy,154.63,143.21,2026-06-07
TEC-AC-10001772,Walmart,119.78,126.74,2026-06-07
TEC-AC-10001838,Walmart,731.39,676.51,2026-06-07
TEC-AC-10001874,Walmart,183.97,194.8,2026-06-07
TEC-AC-10001908,Amazon,466.62,445.69,2026-06-07
TEC-AC-10001956,Target,179.85,193.41,2026-06-07
TEC-AC-10001990,Walmart,340.74,371.0,2026-06-07
TEC-AC-10001998,Amazon,34.65,32.22,2026-06-07
TEC-AC-10002001,Walmart,479.97,476.39,2026-06-07
TEC-AC-10002006,Walmart,79.49,87.14,2026-06-07
TEC-AC-10002018,Amazon,17.61,17.55,2026-06-07
TEC-AC-10002049,Target,548.66,588.55,2026-06-07
TEC-AC-10002049,Target,1338.18,1361.93,2026-06-07
TEC-AC-10002076,BestBuy,374.25,364.92,2026-06-07
TEC-AC-10002134,Amazon,35.05,33.55,2026-06-07
TEC-AC-10002167,BestBuy,44.62,41.97,2026-06-07
TEC-AC-10002217,BestBuy,63.38,66.7,2026-06-07
TEC-AC-10002253,BestBuy,664.96,649.87,2026-06-07
TEC-AC-10002305,Target,54.0,54.12,2026-06-07
TEC-AC-10002323,Amazon,80.36,80.24,2026-06-07
TEC-AC-10002331,BestBuy,46.55,47.27,2026-06-07
TEC-AC-10002335,Amazon,125.96,135.17,2026-06-07
TEC-AC-10002345,Amazon,45.92,50.34,2026-06-07
TEC-AC-10002370,Target,5.25,5.15,2026-06-07
TEC-AC-10002380,BestBuy,27.19,28.97,2026-06-07
TEC-AC-10002399,BestBuy,60.23,63.42,2026-06-07
TEC-AC-10002402,Amazon,269.97,273.94,2026-06-07
TEC-AC-10002473,Walmart,111.97,122.18,2026-06-07
TEC-AC-10002550,Target,36.64,34.45,2026-06-07
TEC-AC-10002550,Target,118.22,108.98,2026-06-07
TEC-AC-10002558,Target,27.29,29.22,2026-06-07
TEC-AC-10002567,Target,222.19,219.49,2026-06-07
TEC-AC-10002600,BestBuy,247.8,265.0,2026-06-07
TEC-AC-10002637,BestBuy,748.76,807.63,2026-06-07
TEC-AC-10002647,Walmart,191.52,174.76,2026-06-07
TEC-AC-10002718,Target,44.26,47.65,2026-06-07
TEC-AC-10002800,Target,179.96,178.1,2026-06-07
TEC-AC-10002842,Amazon,499.8,500.84,2026-06-07
TEC-AC-10002857,BestBuy,27.81,28.51,2026-06-07
TEC-AC-10002926,Target,176.21,191.24,2026-06-07
TEC-AC-10002942,Walmart,167.9,151.75,2026-06-07
TEC-AC-10003023,Walmart,151.99,151.29,2026-06-07
TEC-AC-10003027,BestBuy,116.73,121.11,2026-06-07
TEC-AC-10003033,Walmart,1082.24,1130.44,2026-06-07
TEC-AC-10003038,Walmart,36.76,38.18,2026-06-07
TEC-AC-10003063,BestBuy,73.33,67.97,2026-06-07
TEC-AC-10003095,Target,359.64,345.21,2026-06-07
TEC-AC-10003116,Target,67.01,65.12,2026-06-07
TEC-AC-10003133,Walmart,13.62,14.45,2026-06-07
TEC-AC-10003174,Walmart,373.67,357.14,2026-06-07
TEC-AC-10003198,Target,408.36,384.73,2026-06-07
TEC-AC-10003237,BestBuy,34.63,37.8,2026-06-07
TEC-AC-10003280,Walmart,70.48,63.56,2026-06-07
TEC-AC-10003289,Amazon,99.95,109.9,2026-06-07
TEC-AC-10003399,BestBuy,90.6,93.8,2026-06-07
TEC-AC-10003433,Walmart,2.34,2.49,2026-06-07
TEC-AC-10003441,Walmart,50.85,48.76,2026-06-07
TEC-AC-10003447,Amazon,72.96,65.87,2026-06-07
TEC-AC-10003499,Amazon,38.91,40.76,2026-06-07
TEC-AC-10003590,Target,125.31,133.68,2026-06-07
TEC-AC-10003610,BestBuy,189.97,199.11,2026-06-07
TEC-AC-10003614,BestBuy,30.13,27.98,2026-06-07
TEC-AC-10003628,Target,93.97,98.73,2026-06-07
TEC-AC-10003657,BestBuy,73.42,77.37,2026-06-07
TEC-AC-10003709,BestBuy,3.8,3.92,2026-06-07
TEC-AC-10003832,BestBuy,111.91,117.87,2026-06-07
TEC-AC-10003832,BestBuy,1132.96,1211.34,2026-06-07
TEC-AC-10003870,BestBuy,1402.46,1434.33,2026-06-07
TEC-AC-10003911,Amazon,524.77,481.59,2026-06-07
TEC-AC-10004001,BestBuy,193.46,192.98,2026-06-07
TEC-AC-10004114,Amazon,180.36,165.12,2026-06-07
TEC-AC-10004127,BestBuy,27.17,26.67,2026-06-07
TEC-AC-10004145,Target,1479.94,1452.44,2026-06-07
TEC-AC-10004171,Walmart,436.62,398.72,2026-06-07
TEC-AC-10004209,Amazon,27.26,26.44,2026-06-07
TEC-AC-10004227,BestBuy,47.14,43.47,2026-06-07
TEC-AC-10004353,Target,158.4,168.16,2026-06-07
TEC-AC-10004396,Walmart,58.08,63.28,2026-06-07
TEC-AC-10004420,Amazon,479.72,438.69,2026-06-07
TEC-AC-10004469,Walmart,157.4,171.73,2026-06-07
TEC-AC-10004510,Target,64.89,65.18,2026-06-07
TEC-AC-10004518,Amazon,140.0,134.39,2026-06-07
TEC-AC-10004568,Walmart,135.75,124.26,2026-06-07
TEC-AC-10004571,BestBuy,259.97,260.0,2026-06-07
TEC-AC-10004595,Amazon,285.6,302.42,2026-06-07
TEC-AC-10004633,Walmart,30.76,32.03,2026-06-07
TEC-AC-10004659,Target,321.16,292.27,2026-06-07
TEC-AC-10004666,Target,1377.7,1260.02,2026-06-07
TEC-AC-10004708,Amazon,62.85,61.63,2026-06-07
TEC-AC-10004761,Walmart,66.11,63.4,2026-06-07
TEC-AC-10004803,Amazon,83.64,79.16,2026-06-07
TEC-AC-10004814,Amazon,170.97,163.48,2026-06-07
TEC-AC-10004855,Walmart,115.47,122.48,2026-06-07
TEC-AC-10004859,Walmart,93.52,101.55,2026-06-07
TEC-AC-10004864,BestBuy,75.94,74.5,2026-06-07
TEC-AC-10004877,Walmart,30.91,33.42,2026-06-07
TEC-AC-10004901,Target,137.47,132.56,2026-06-07
TEC-AC-10004975,Amazon,478.28,476.03,2026-06-07
TEC-AC-10004992,Amazon,101.34,95.79,2026-06-07
TEC-CO-10000971,Target,699.98,719.65,2026-06-07
TEC-CO-10001046,Walmart,1791.97,1963.63,2026-06-07
TEC-CO-10001449,Target,2354.96,2403.7,2026-06-07
TEC-CO-10001571,Target,628.56,610.69,2026-06-07
TEC-CO-10001766,BestBuy,1889.96,1945.83,2026-06-07
TEC-CO-10001943,Target,686.63,634.85,2026-06-07
TEC-CO-10002095,Amazon,1271.4,1370.23,2026-06-07
TEC-CO-10002313,Target,1499.98,1500.91,2026-06-07
TEC-CO-10003236,Amazon,1979.97,1959.91,2026-06-07
TEC-CO-10003763,Amazon,2904.96,2954.85,2026-06-07
TEC-CO-10004115,Amazon,1599.97,1639.9,2026-06-07
TEC-CO-10004202,Walmart,694.26,634.8,2026-06-07
TEC-CO-10004722,BestBuy,12319.96,12769.93,2026-06-07
TEC-MA-10000010,Amazon,3040.0,2883.09,2026-06-07
TEC-MA-10000029,Amazon,139.98,145.97,2026-06-07
TEC-MA-10000045,Walmart,3482.85,3707.52,2026-06-07
TEC-MA-10000112,Amazon,2396.4,2542.08,2026-06-07
TEC-MA-10000418,Target,3699.99,3738.84,2026-06-07
TEC-MA-10000423,Target,68.17,68.44,2026-06-07
TEC-MA-10000488,BestBuy,2319.97,2154.27,2026-06-07
TEC-MA-10000597,Amazon,149.99,158.25,2026-06-07
TEC-MA-10000752,Walmart,20.95,19.99,2026-06-07
TEC-MA-10000822,Target,4207.48,4204.7,2026-06-07
TEC-MA-10000864,Walmart,2134.0,2041.93,2026-06-07
TEC-MA-10000904,Walmart,341.99,316.94,2026-06-07
TEC-MA-10000984,Target,3917.2,4018.7,2026-06-07
TEC-MA-10001016,Walmart,287.91,262.25,2026-06-07
TEC-MA-10001031,Target,506.28,531.46,2026-06-07
TEC-MA-10001047,Walmart,7149.94,6889.09,2026-06-07
TEC-MA-10001127,Target,6124.96,5512.63,2026-06-07
TEC-MA-10001148,Amazon,1422.15,1425.32,2026-06-07
TEC-MA-10001148,BestBuy,786.65,715.36,2026-06-07
TEC-MA-10001570,Target,385.8,368.53,2026-06-07
TEC-MA-10001681,Target,361.76,376.74,2026-06-07
TEC-MA-10001695,BestBuy,703.71,642.16,2026-06-07
TEC-MA-10001856,Target,649.0,693.05,2026-06-07
TEC-MA-10001972,Target,642.16,578.43,2026-06-07
TEC-MA-10002073,Walmart,1169.99,1110.75,2026-06-07
TEC-MA-10002109,BestBuy,224.98,235.82,2026-06-07
TEC-MA-10002178,Amazon,695.7,670.14,2026-06-07
TEC-MA-10002210,Target,606.35,558.07,2026-06-07
TEC-MA-10002412,BestBuy,22638.48,22005.66,2026-06-07
TEC-MA-10002428,Walmart,847.28,808.37,2026-06-07
TEC-MA-10002694,Amazon,101.99,108.98,2026-06-07
TEC-MA-10002790,BestBuy,479.99,462.07,2026-06-07
TEC-MA-10002859,Amazon,458.95,485.47,2026-06-07
TEC-MA-10002927,Amazon,3991.98,4304.85,2026-06-07
TEC-MA-10002930,Amazon,155.22,153.17,2026-06-07
TEC-MA-10002937,Target,1007.98,1090.62,2026-06-07
TEC-MA-10002981,Target,350.97,342.36,2026-06-07
TEC-MA-10003066,Walmart,336.51,367.74,2026-06-07
TEC-MA-10003173,Walmart,65.55,60.17,2026-06-07
TEC-MA-10003176,BestBuy,514.8,534.06,2026-06-07
TEC-MA-10003183,Walmart,447.97,447.42,2026-06-07
TEC-MA-10003230,Amazon,1362.9,1332.28,2026-06-07
TEC-MA-10003246,Amazon,447.97,459.86,2026-06-07
TEC-MA-10003329,Target,71.98,74.91,2026-06-07
TEC-MA-10003337,Amazon,179.99,162.15,2026-06-07
TEC-MA-10003353,BestBuy,2519.96,2352.11,2026-06-07
TEC-MA-10003356,Amazon,809.91,844.42,2026-06-07
TEC-MA-10003493,Amazon,91.48,94.52,2026-06-07
TEC-MA-10003589,BestBuy,224.94,245.91,2026-06-07
TEC-MA-10003626,Walmart,698.1,734.55,2026-06-07
TEC-MA-10003673,Walmart,3404.5,3711.43,2026-06-07
TEC-MA-10003674,BestBuy,597.13,621.32,2026-06-07
TEC-MA-10003979,Target,3849.94,3694.44,2026-06-07
TEC-MA-10004002,Amazon,1929.12,1776.86,2026-06-07
TEC-MA-10004086,BestBuy,29.92,31.61,2026-06-07
TEC-MA-10004125,Amazon,7999.98,8230.62,2026-06-07
TEC-MA-10004212,Target,1379.92,1255.23,2026-06-07
TEC-MA-10004241,Amazon,643.42,625.41,2026-06-07
TEC-MA-10004255,BestBuy,319.92,349.15,2026-06-07
TEC-MA-10004458,Amazon,396.0,396.03,2026-06-07
TEC-MA-10004521,Walmart,206.99,204.21,2026-06-07
TEC-MA-10004552,Target,1035.8,1027.04,2026-06-07
TEC-MA-10004626,Target,300.0,282.53,2026-06-07
TEC-MA-10004679,Target,582.66,567.36,2026-06-07
TEC-PH-10000004,BestBuy,41.97,40.88,2026-06-07
TEC-PH-10000011,Target,114.34,104.1,2026-06-07
TEC-PH-10000038,Walmart,405.46,427.16,2026-06-07
TEC-PH-10000127,BestBuy,111.94,110.07,2026-06-07
TEC-PH-10000141,Walmart,162.78,173.27,2026-06-07
TEC-PH-10000148,Amazon,23.9,25.57,2026-06-07
TEC-PH-10000149,Amazon,85.39,80.47,2026-06-07
TEC-PH-10000169,Amazon,54.24,55.95,2026-06-07
TEC-PH-10000193,Amazon,124.15,123.46,2026-06-07
TEC-PH-10000213,Walmart,90.96,97.88,2026-06-07
TEC-PH-10000215,BestBuy,151.45,142.84,2026-06-07
TEC-PH-10000307,BestBuy,21.17,21.92,2026-06-07
TEC-PH-10000347,Target,10.89,11.12,2026-06-07
TEC-PH-10000369,Walmart,510.26,489.37,2026-06-07
TEC-PH-10000376,Amazon,24.83,23.03,2026-06-07
TEC-PH-10000439,Walmart,123.97,127.73,2026-06-07
TEC-PH-10000441,Target,343.32,359.7,2026-06-07
TEC-PH-10000455,Target,386.63,372.37,2026-06-07
TEC-PH-10000486,Walmart,742.34,763.84,2026-06-07
TEC-PH-10000526,Walmart,375.73,367.85,2026-06-07
TEC-PH-10000560,Walmart,1189.97,1240.71,2026-06-07
TEC-PH-10000562,BestBuy,344.07,323.37,2026-06-07
TEC-PH-10000576,Amazon,277.89,299.58,2026-06-07
TEC-PH-10000586,Walmart,158.38,151.65,2026-06-07
TEC-PH-10000673,Walmart,244.36,237.9,2026-06-07
TEC-PH-10000675,Walmart,196.78,179.39,2026-06-07
TEC-PH-10000702,Target,39.56,36.49,2026-06-07
TEC-PH-10000730,Target,1999.96,2006.3,2026-06-07
TEC-PH-10000895,BestBuy,778.46,742.28,2026-06-07
TEC-PH-10000912,Amazon,30.77,32.83,2026-06-07
TEC-PH-10000923,BestBuy,47.97,43.31,2026-06-07
TEC-PH-10000984,Amazon,711.16,693.96,2026-06-07
TEC-PH-10001051,Target,279.97,270.86,2026-06-07
TEC-PH-10001061,Target,334.97,302.77,2026-06-07
TEC-PH-10001079,Target,475.96,440.2,2026-06-07
TEC-PH-10001128,BestBuy,652.46,641.19,2026-06-07
TEC-PH-10001198,Walmart,177.48,177.23,2026-06-07
TEC-PH-10001254,Walmart,431.77,423.51,2026-06-07
TEC-PH-10001299,Target,335.98,338.06,2026-06-07
TEC-PH-10001300,Walmart,95.53,97.35,2026-06-07
TEC-PH-10001305,Walmart,213.92,192.95,2026-06-07
TEC-PH-10001336,BestBuy,338.24,335.81,2026-06-07
TEC-PH-10001363,Amazon,1225.48,1339.08,2026-06-07
TEC-PH-10001425,Target,263.97,264.97,2026-06-07
TEC-PH-10001433,Target,220.53,228.36,2026-06-07
TEC-PH-10001448,BestBuy,119.98,115.47,2026-06-07
TEC-PH-10001459,BestBuy,2323.94,2451.29,2026-06-07
TEC-PH-10001468,Walmart,546.06,575.87,2026-06-07
TEC-PH-10001494,Target,1154.81,1159.73,2026-06-07
TEC-PH-10001527,Amazon,88.35,96.76,2026-06-07
TEC-PH-10001530,BestBuy,1125.27,1041.0,2026-06-07
TEC-PH-10001530,Amazon,453.18,409.4,2026-06-07
TEC-PH-10001536,Amazon,46.89,49.42,2026-06-07
TEC-PH-10001552,Target,54.3,57.64,2026-06-07
TEC-PH-10001557,Target,359.0,331.73,2026-06-07
TEC-PH-10001578,BestBuy,992.13,945.62,2026-06-07
TEC-PH-10001580,Target,383.34,346.35,2026-06-07
TEC-PH-10001615,Target,96.25,92.27,2026-06-07
TEC-PH-10001619,Target,450.78,475.41,2026-06-07
TEC-PH-10001644,Amazon,111.96,112.36,2026-06-07
TEC-PH-10001700,BestBuy,162.15,157.22,2026-06-07
TEC-PH-10001750,Walmart,173.22,168.78,2026-06-07
TEC-PH-10001760,Amazon,573.12,515.96,2026-06-07
TEC-PH-10001795,Target,1673.97,1606.94,2026-06-07
TEC-PH-10001795,Amazon,239.97,247.0,2026-06-07
TEC-PH-10001809,Target,251.92,275.81,2026-06-07
TEC-PH-10001817,Target,887.84,949.47,2026-06-07
TEC-PH-10001819,Amazon,124.47,112.61,2026-06-07
TEC-PH-10001835,BestBuy,674.09,727.82,2026-06-07
TEC-PH-10001870,Target,93.89,99.21,2026-06-07
TEC-PH-10001918,BestBuy,333.58,352.29,2026-06-07
TEC-PH-10001924,Walmart,139.98,138.8,2026-06-07
TEC-PH-10001944,Target,413.52,405.08,2026-06-07
TEC-PH-10001949,BestBuy,213.48,205.07,2026-06-07
TEC-PH-10002033,BestBuy,555.4,507.16,2026-06-07
TEC-PH-10002070,Walmart,58.47,55.29,2026-06-07
TEC-PH-10002075,BestBuy,377.97,358.81,2026-06-07
TEC-PH-10002085,BestBuy,188.07,187.47,2026-06-07
TEC-PH-10002103,Walmart,350.9,368.27,2026-06-07
TEC-PH-10002114,Target,2279.96,2268.02,2026-06-07
TEC-PH-10002115,BestBuy,211.17,192.5,2026-06-07
TEC-PH-10002170,BestBuy,186.64,203.73,2026-06-07
TEC-PH-10002185,BestBuy,15.85,17.25,2026-06-07
TEC-PH-10002200,Amazon,488.33,516.18,2026-06-07
TEC-PH-10002200,Walmart,2253.95,2475.44,2026-06-07
TEC-PH-10002262,Amazon,226.14,228.15,2026-06-07
TEC-PH-10002275,Walmart,529.17,578.15,2026-06-07
TEC-PH-10002293,Target,56.64,51.83,2026-06-07
TEC-PH-10002310,Target,219.98,214.07,2026-06-07
TEC-PH-10002310,BestBuy,627.17,592.72,2026-06-07
TEC-PH-10002350,Walmart,62.98,59.15,2026-06-07
TEC-PH-10002352,Target,1394.95,1294.74,2026-06-07
TEC-PH-10002365,Walmart,21.66,22.19,2026-06-07
TEC-PH-10002398,Target,356.77,376.84,2026-06-07
TEC-PH-10002415,Amazon,731.48,742.93,2026-06-07
TEC-PH-10002447,Target,484.08,449.9,2026-06-07
TEC-PH-10002468,Amazon,293.74,312.02,2026-06-07
TEC-PH-10002483,Target,815.98,838.17,2026-06-07
TEC-PH-10002496,BestBuy,464.5,454.11,2026-06-07
TEC-PH-10002538,Amazon,133.95,138.61,2026-06-07
TEC-PH-10002549,Target,639.94,609.21,2026-06-07
TEC-PH-10002555,BestBuy,686.22,664.97,2026-06-07
TEC-PH-10002563,Amazon,398.13,431.37,2026-06-07
TEC-PH-10002564,BestBuy,86.22,82.61,2026-06-07
TEC-PH-10002583,Walmart,43.18,42.92,2026-06-07
TEC-PH-10002584,Walmart,1226.94,1322.68,2026-06-07
TEC-PH-10002597,Amazon,302.38,314.94,2026-06-07
TEC-PH-10002624,Target,1221.97,1114.98,2026-06-07
TEC-PH-10002645,Amazon,1499.97,1394.16,2026-06-07
TEC-PH-10002660,BestBuy,312.75,281.97,2026-06-07
TEC-PH-10002680,Target,718.63,737.45,2026-06-07
TEC-PH-10002726,Walmart,158.97,157.31,2026-06-07
TEC-PH-10002789,Target,384.78,356.64,2026-06-07
TEC-PH-10002807,Walmart,104.81,114.41,2026-06-07
TEC-PH-10002817,Target,323.98,325.9,2026-06-07
TEC-PH-10002824,Target,672.9,638.16,2026-06-07
TEC-PH-10002834,Target,763.16,763.25,2026-06-07
TEC-PH-10002844,BestBuy,47.24,48.94,2026-06-07
TEC-PH-10002885,BestBuy,2166.1,1982.52,2026-06-07
TEC-PH-10002890,Amazon,133.91,127.88,2026-06-07
TEC-PH-10002922,Amazon,726.66,771.27,2026-06-07
TEC-PH-10002923,Walmart,73.98,73.38,2026-06-07
TEC-PH-10003012,BestBuy,443.49,447.62,2026-06-07
TEC-PH-10003072,Walmart,611.96,603.74,2026-06-07
TEC-PH-10003092,Amazon,101.18,91.95,2026-06-07
TEC-PH-10003095,Walmart,70.24,65.54,2026-06-07
TEC-PH-10003171,Amazon,106.6,105.44,2026-06-07
TEC-PH-10003174,BestBuy,363.97,342.8,2026-06-07
TEC-PH-10003187,Target,36.98,33.65,2026-06-07
TEC-PH-10003215,BestBuy,116.8,124.83,2026-06-07
TEC-PH-10003273,Walmart,434.67,476.5,2026-06-07
TEC-PH-10003356,Walmart,25.16,26.64,2026-06-07
TEC-PH-10003357,BestBuy,149.16,159.71,2026-06-07
TEC-PH-10003437,BestBuy,307.46,291.59,2026-06-07
TEC-PH-10003442,Amazon,20.9,22.83,2026-06-07
TEC-PH-10003484,Walmart,403.17,378.73,2026-06-07
TEC-PH-10003505,Walmart,310.46,338.49,2026-06-07
TEC-PH-10003535,BestBuy,159.98,175.81,2026-06-07
TEC-PH-10003555,Target,92.47,96.39,2026-06-07
TEC-PH-10003580,Walmart,563.11,617.3,2026-06-07
TEC-PH-10003589,Target,63.22,64.1,2026-06-07
TEC-PH-10003601,BestBuy,494.97,471.17,2026-06-07
TEC-PH-10003645,BestBuy,526.39,519.76,2026-06-07
TEC-PH-10003655,Amazon,6.93,7.06,2026-06-07
TEC-PH-10003691,Walmart,516.56,472.45,2026-06-07
TEC-PH-10003800,Target,82.66,84.68,2026-06-07
TEC-PH-10003811,Amazon,431.96,473.53,2026-06-07
TEC-PH-10003875,Walmart,42.12,39.51,2026-06-07
TEC-PH-10003885,Amazon,182.13,192.79,2026-06-07
TEC-PH-10003931,BestBuy,129.98,140.58,2026-06-07
TEC-PH-10003963,Walmart,590.5,642.9,2026-06-07
TEC-PH-10003988,Amazon,32.7,35.71,2026-06-07
TEC-PH-10004006,Amazon,151.14,151.79,2026-06-07
TEC-PH-10004042,Target,421.32,461.54,2026-06-07
TEC-PH-10004071,Amazon,39.96,42.02,2026-06-07
TEC-PH-10004080,Walmart,156.38,145.8,2026-06-07
TEC-PH-10004093,Walmart,120.89,120.33,2026-06-07
TEC-PH-10004094,Target,701.96,732.61,2026-06-07
TEC-PH-10004100,Walmart,65.96,62.63,2026-06-07
TEC-PH-10004120,BestBuy,529.69,544.59,2026-06-07
TEC-PH-10004165,Walmart,855.52,884.03,2026-06-07
TEC-PH-10004188,Walmart,96.21,89.72,2026-06-07
TEC-PH-10004241,Amazon,1439.97,1458.71,2026-06-07
TEC-PH-10004345,Amazon,412.63,435.05,2026-06-07
TEC-PH-10004348,Walmart,66.56,66.55,2026-06-07
TEC-PH-10004389,Target,436.77,394.15,2026-06-07
TEC-PH-10004434,Amazon,462.23,416.84,2026-06-07
TEC-PH-10004447,Target,451.72,438.8,2026-06-07
TEC-PH-10004522,Walmart,155.97,169.26,2026-06-07
TEC-PH-10004531,Walmart,251.98,238.31,2026-06-07
TEC-PH-10004531,BestBuy,71.47,73.39,2026-06-07
TEC-PH-10004536,Amazon,512.96,484.45,2026-06-07
TEC-PH-10004539,Walmart,577.77,557.16,2026-06-07
TEC-PH-10004586,BestBuy,887.88,949.68,2026-06-07
TEC-PH-10004614,Amazon,230.66,241.22,2026-06-07
TEC-PH-10004667,Walmart,440.97,405.29,2026-06-07
TEC-PH-10004700,Walmart,31.97,31.51,2026-06-07
TEC-PH-10004774,Amazon,63.22,57.27,2026-06-07
TEC-PH-10004830,Amazon,201.57,200.8,2026-06-07
TEC-PH-10004833,Amazon,69.91,72.18,2026-06-07
TEC-PH-10004875,Walmart,9.59,8.86,2026-06-07
TEC-PH-10004896,Walmart,103.17,98.81,2026-06-07
TEC-PH-10004897,BestBuy,36.82,36.07,2026-06-07
TEC-PH-10004908,Target,237.97,257.94,2026-06-07
TEC-PH-10004912,Amazon,172.18,189.17,2026-06-07
TEC-PH-10004922,Walmart,217.05,197.29,2026-06-07
TEC-PH-10004924,Walmart,18.72,19.7,2026-06-07
TEC-PH-10004959,Amazon,170.83,166.45,2026-06-07
TEC-PH-10004977,Target,587.97,575.32,2026-06-07
