ds,trend,yhat_lower,yhat_upper,trend_lower,trend_upper,additive_terms,additive_terms_lower,additive_terms_upper,weekly,weekly_lower,weekly_upper,yearly,yearly_lower,yearly_upper,multiplicative_terms,multiplicative_terms_lower,multiplicative_terms_upper,yhat,predicted_sales,lower_sales,upper_sales
2015-08-01,15.287724177843243,15.050648225139332,16.513020550910063,15.287724177843243,15.287724177843243,0.5085633070818033,0.5085633070818033,0.5085633070818033,0.4410481315803088,0.4410481315803088,0.4410481315803088,0.0675151755014944,0.0675151755014944,0.0675151755014944,0.0,0.0,0.0,15.796287484925047,7248371.253938328,3438850.905146851,14842726.177824162
2015-08-02,15.288125677257351,11.71111176671034,13.162283694762912,15.288125677257351,15.288125677257351,-2.8470047921621853,-2.8470047921621853,-2.8470047921621853,-2.9159451489932326,-2.9159451489932326,-2.9159451489932326,0.0689403568310471,0.0689403568310471,0.0689403568310471,0.0,0.0,0.0,12.441120885095168,252992.9577706867,121917.9509792136,520362.92147241015
2015-08-03,15.288527176671463,15.195641559181446,16.658953001100056,15.288527176671463,15.288527176671463,0.6627896250745872,0.6627896250745872,0.6627896250745872,0.5923700930070801,0.5923700930070801,0.5923700930070801,0.070419532067507,0.070419532067507,0.070419532067507,0.0,0.0,0.0,15.951316801746051,8463866.69742165,3975421.378554856,17174786.11766439
2015-08-04,15.288928676085574,15.223190487078508,16.67508883213141,15.288928676085574,15.288928676085574,0.6547854595063878,0.6547854595063878,0.6547854595063878,0.5829040853069094,0.5829040853069094,0.5829040853069094,0.0718813741994785,0.0718813741994785,0.0718813741994785,0.0,0.0,0.0,15.94371413559196,8399762.726261713,4086462.512377269,17454163.512161013
2015-08-05,15.289330175499684,15.120933517261196,16.5713597163734,15.289330175499684,15.289330175499684,0.5549920800131174,0.5549920800131174,0.5549920800131174,0.4817424681331145,0.4817424681331145,0.4817424681331145,0.0732496118800028,0.0732496118800028,0.0732496118800028,0.0,0.0,0.0,15.8443222555128,7605042.894949116,3689248.165991633,15734395.226476628
2015-08-06,15.289731674913792,14.998606722327846,16.455686428438085,15.289731674913792,15.289731674913792,0.4248027867131893,0.4248027867131893,0.4248027867131893,0.3503573578972205,0.3503573578972205,0.3503573578972205,0.0744454288159688,0.0744454288159688,0.0744454288159688,0.0,0.0,0.0,15.71453446162698,6679370.5492065465,3264464.895029396,14015667.33322158
2015-08-07,15.290133174327902,15.121936591857182,16.542281736154592,15.290133174327902,15.290133174327902,0.5429130717490465,0.5429130717490465,0.5429130717490465,0.467523013069431,0.467523013069431,0.467523013069431,0.0753900586796153,0.0753900586796153,0.0753900586796153,0.0,0.0,0.0,15.833046246076949,7519770.020621175,3692950.614713996,15283458.698839236
2015-08-08,15.29053467374201,15.098617395342636,16.49279876700062,15.290533673583845,15.29053482349736,0.5170556240216896,0.5170556240216896,0.5170556240216896,0.4410481315792853,0.4410481315792853,0.4410481315792853,0.0760074924424041,0.0760074924424041,0.0760074924424041,0.0,0.0,0.0,15.8075902977637,7330763.001006245,3607830.276467362,14545594.151238007
2015-08-09,15.290936173156124,11.738077004179512,13.208082387272505,15.290927644901393,15.290946418494627,-2.839717940426989,-2.839717940426989,-2.839717940426989,-2.915945148993229,-2.915945148993229,-2.915945148993229,0.0762272085662398,0.0762272085662398,0.0762272085662398,0.0,0.0,0.0,12.451218232729133,255560.46641077189,125250.25065660228,544749.0732501615
2015-08-10,15.291337672570233,15.21154141156022,16.69619190724892,15.291305412641009,15.291356102465484,0.6683569258775004,0.6683569258775004,0.6683569258775004,0.5923700930060742,0.5923700930060742,0.5923700930060742,0.0759868328714261,0.0759868328714261,0.0759868328714261,0.0,0.0,0.0,15.959694598447731,8535073.120285088,4039135.185318125,17826414.05785992
2015-08-11,15.29173917198434,15.202473088597698,16.65475772841426,15.291686329817642,15.29176792146398,0.6581387196127212,0.6581387196127212,0.6581387196127212,0.5829040853027674,0.5829040853027674,0.5829040853027674,0.0752346343099537,0.0752346343099537,0.0752346343099537,0.0,0.0,0.0,15.949877891597062,8451696.710151017,4002672.571154032,17102884.132061526
2015-08-12,15.29214067139845,15.139112394341856,16.5840830508838,15.292063603563854,15.292203754608932,0.5556742335355964,0.5556742335355964,0.5556742335355964,0.4817424681307292,0.4817424681307292,0.4817424681307292,0.0739317654048672,0.0739317654048672,0.0739317654048672,0.0,0.0,0.0,15.847814904934046,7631651.08660139,3756927.8798582247,15935868.19908042
2015-08-13,15.292542170812558,14.941269891818555,16.446099291798593,15.29243076837709,15.292632150500884,0.4224115196475932,0.4224115196475932,0.4224115196475932,0.3503573578906029,0.3503573578906029,0.3503573578906029,0.0720541617569903,0.0720541617569903,0.0720541617569903,0.0,0.0,0.0,15.71495369046015,6682171.321388637,3082555.6500826403,13881939.2647293
2015-08-14,15.29294367022667,15.153277548714897,16.580373388988544,15.292787595561176,15.29308391534567,0.5371170367355065,0.5371170367355065,0.5371170367355065,0.46752301307375,0.46752301307375,0.46752301307375,0.0695940236617564,0.0695940236617564,0.0695940236617564,0.0,0.0,0.0,15.830060706962175,7497352.930306082,3810524.0603180113,15876861.02834057
2015-08-15,15.293345169640778,15.129517570349444,16.50864171946729,15.293134037887558,15.293505077232831,0.5076089458860962,0.5076089458860962,0.5076089458860962,0.4410481315782618,0.4410481315782618,0.4410481315782618,0.0665608143078344,0.0665608143078344,0.0665608143078344,0.0,0.0,0.0,15.800954115526874,7282275.77812758,3721053.189394546,14777874.468336765
2015-08-16,15.293746669054888,11.73079242152201,13.158289316151745,15.293480362355092,15.293954507465534,-2.852963426045009,-2.852963426045009,-2.852963426045009,-2.915945148993155,-2.915945148993155,-2.915945148993155,0.0629817229481459,0.0629817229481459,0.0629817229481459,0.0,0.0,0.0,12.44078324300988,252907.55078252748,124341.16275130304,518288.5366517141
2015-08-17,15.294148168468997,15.249047362279171,16.69505279927047,15.293846587717884,15.294396633095504,0.6512716504485594,0.6512716504485594,0.6512716504485594,0.5923700930072546,0.5923700930072546,0.5923700930072546,0.0589015574413047,0.0589015574413047,0.0589015574413047,0.0,0.0,0.0,15.945419818917555,8414102.289088577,4193503.5997376433,17806119.407334
2015-08-18,15.294549667883109,15.1863256366167,16.647799772923292,15.294220956754998,15.294837680223916,0.6372861335140084,0.6372861335140084,0.6372861335140084,0.5829040853093447,0.5829040853093447,0.5829040853093447,0.0543820482046637,0.0543820482046637,0.0543820482046637,0.0,0.0,0.0,15.931835801397115,8300577.767809507,3938558.623398834,16984296.062236033
2015-08-19,15.294951167297215,15.116050871902114,16.53764107038666,15.29457875268518,15.295264902030558,0.5312430324844184,0.5312430324844184,0.5312430324844184,0.4817424681283437,0.4817424681283437,0.4817424681283437,0.0495005643560746,0.0495005643560746,0.0495005643560746,0.0,0.0,0.0,15.826194199781636,7468420.327602455,3671278.775452986,15212697.586925382
2015-08-20,15.295352666711327,14.993463415107843,16.42515297762729,15.294944383953972,15.29571172916091,0.3947056199857602,0.3947056199857602,0.3947056199857602,0.3503573578998024,0.3503573578998024,0.3503573578998024,0.0443482620859577,0.0443482620859577,0.0443482620859577,0.0,0.0,0.0,15.690058286697088,6517869.608017429,3247717.8485429008,13594187.967953531
2015-08-21,15.295754166125436,15.105062996713537,16.582617617323812,15.295310988347774,15.296175665256404,0.506550717559105,0.506550717559105,0.506550717559105,0.4675230130781352,0.4675230130781352,0.4675230130781352,0.0390277044809697,0.0390277044809697,0.0390277044809697,0.0,0.0,0.0,15.80230488368454,7292119.092235761,3631160.025047667,15912532.344297
2015-08-22,15.296155665539546,15.131827207749035,16.565238948457807,15.295641560028937,15.296652479376432,0.4746981420850832,0.4746981420850832,0.4746981420850832,0.4410481315788477,0.4410481315788477,0.4410481315788477,0.0336500105062354,0.0336500105062354,0.0336500105062354,0.0,0.0,0.0,15.77085380762463,7066343.127691122,3729657.407803714,15638382.773601992
2015-08-23,15.296557164953654,11.627615924330687,13.104556599364084,15.295990068947644,15.29710166821479,-2.887613540965206,-2.887613540965206,-2.887613540965206,-2.9159451489931514,-2.9159451489931514,-2.9159451489931514,0.0283316080279457,0.0283316080279457,0.0283316080279457,0.0,0.0,0.0,12.40894362398845,244981.88354102065,112151.62258914232,491174.41288665286
2015-08-24,15.296958664367766,15.192948371685542,16.662283959724657,15.296323650946984,15.29754097835268,0.6155607740626564,0.6155607740626564,0.6155607740626564,0.5923700930112872,0.5923700930112872,0.5923700930112872,0.0231906810513692,0.0231906810513692,0.0231906810513692,0.0,0.0,0.0,15.912519438430422,8141779.416358666,3964729.22516365,17232090.008400638
2015-08-25,15.297360163781876,15.142408959904907,16.659033850370797,15.296695069728049,15.297987983803656,0.6012474995221334,0.6012474995221334,0.6012474995221334,0.5829040853052122,0.5829040853052122,0.5829040853052122,0.0183434142169211,0.0183434142169211,0.0183434142169211,0.0,0.0,0.0,15.898607663304007,8029297.02705454,3769333.278597068,17176174.7428119
2015-08-26,15.297761663195985,15.06249379860107,16.558680405145775,15.297063410254582,15.2984538112859,0.4956426157010139,0.4956426157010139,0.4956426157010139,0.4817424681259583,0.4817424681259583,0.4817424681259583,0.0139001475750556,0.0139001475750556,0.0139001475750556,0.0,0.0,0.0,15.793404278897,7227502.801842065,3479828.299226175,15536153.360753857
2015-08-27,15.298163162610091,14.91187440209694,16.441761135585487,15.29739134110063,15.29891583425959,0.3603189192468813,0.3603189192468813,0.3603189192468813,0.3503573578931848,0.3503573578931848,0.3503573578931848,0.0099615613536964,0.0099615613536964,0.0099615613536964,0.0,0.0,0.0,15.658482081856974,6315275.401538639,2993261.243967596,13821847.67690904
2015-08-28,15.298564662024202,15.039590706289864,16.539289909896162,15.29776225437277,15.299383840929451,0.4741380266207201,0.4741380266207201,0.4741380266207201,0.467523013076831,0.467523013076831,0.467523013076831,0.006615013543889,0.006615013543889,0.006615013543889,0.0,0.0,0.0,15.77270268864492,7079420.042336173,3401035.1946567,15237801.575938674
2015-08-29,15.298966161438312,14.986332965746223,16.5261518795043,15.29811259402514,15.2998589606734,0.4449792840500929,0.4449792840500929,0.4449792840500929,0.4410481315810644,0.4410481315810644,0.4410481315810644,0.0039311524690285,0.0039311524690285,0.0039311524690285,0.0,0.0,0.0,15.743945445488407,6878734.816942191,3224642.520251277,15038916.204375206
2015-08-30,15.299367660852422,11.631756665575605,13.132619911840257,15.298447948592552,15.30031629992464,-2.913984227007905,-2.913984227007905,-2.913984227007905,-2.915945148993507,-2.915945148993507,-2.915945148993507,0.0019609219856025,0.0019609219856025,0.0019609219856025,0.0,0.0,0.0,12.385383433844517,239277.5022412632,112616.98037740802,505153.6564862695
2015-08-31,15.299769160266532,15.15659732019149,16.58893946388916,15.29877659196954,15.300783671615257,0.5931031616429535,0.5931031616429535,0.5931031616429535,0.5923700930096152,0.5923700930096152,0.5923700930096152,0.0007330686333383,0.0007330686333383,0.0007330686333383,0.0,0.0,0.0,15.892872321909486,7983378.068036242,3823195.153654008,16013447.587812612
2015-09-01,15.30017065968064,15.14271583532375,16.662693851448243,15.299107325095784,15.301249225071189,0.583156333361493,0.583156333361493,0.583156333361493,0.5829040853010703,0.5829040853010703,0.5829040853010703,0.0002522480604227,0.0002522480604227,0.0002522480604227,0.0,0.0,0.0,15.883326993042134,7907536.630934668,3770490.172134581,17239154.74767521
2015-09-02,15.30057215909475,15.04309004001359,16.486960224615952,15.299438426579954,15.301676196444138,0.482240280805551,0.482240280805551,0.482240280805551,0.4817424681326779,0.4817424681326779,0.4817424681326779,0.000497812672873,0.000497812672873,0.000497812672873,0.0,0.0,0.0,15.7828124399003,7151354.233816735,3412957.403035248,14460916.51496634
2015-09-03,15.30097365850886,14.901679687122352,16.38439927556817,15.299770521254564,15.302183916020596,0.3517807019744362,0.3517807019744362,0.3517807019744362,0.3503573578954917,0.3503573578954917,0.3503573578954917,0.0014233440789444,0.0014233440789444,0.0014233440789444,0.0,0.0,0.0,15.652754360483296,6279206.65239384,2962900.809485985,13051311.68506563
2015-09-04,15.30137515792297,14.983003580747075,16.520377583288692,15.300118535304415,15.302650928315202,0.4704799860849949,0.4704799860849949,0.4704799860849949,0.4675230130811503,0.4675230130811503,0.4675230130811503,0.0029569730038446,0.0029569730038446,0.0029569730038446,0.0,0.0,0.0,15.771855144007963,7073422.458967817,3213924.292940757,14952327.277322805
2015-09-05,15.30177665733708,14.991413276041053,16.50442235459321,15.30042318982286,15.303119672784304,0.4460506380914676,0.4460506380914676,0.4460506380914676,0.4410481315768007,0.4410481315768007,0.4410481315768007,0.0050025065146669,0.0050025065146669,0.0050025065146669,0.0,0.0,0.0,15.747827295428548,6905488.931294087,3241066.393786873,14715652.580407858
2015-09-06,15.30217815675119,11.63664909461253,13.11121566337931,15.300761158608378,15.303583816594792,-2.9085037907299003,-2.9085037907299003,-2.9085037907299003,-2.9159451489936483,-2.9159451489936483,-2.9159451489936483,0.0074413582637483,0.0074413582637483,0.0074413582637483,0.0,0.0,0.0,12.393674366021289,241269.5907990057,113169.30585960152,494456.0957452204
2015-09-07,15.302579656165298,15.247095701308377,16.616150038123155,15.301085316777955,15.304041711677495,0.602505345743862,0.602505345743862,0.602505345743862,0.5923700930086098,0.5923700930086098,0.5923700930086098,0.0101352527352522,0.0101352527352522,0.0101352527352522,0.0,0.0,0.0,15.90508500190916,8081474.31167878,4185327.2817750927,16455165.159538597
2015-09-08,15.30298115557941,15.17253987430562,16.59487693152652,15.301378914157109,15.30449132135064,0.5958337352034387,0.5958337352034387,0.5958337352034387,0.5829040853022928,0.5829040853022928,0.5829040853022928,0.0129296499011459,0.0129296499011459,0.0129296499011459,0.0,0.0,0.0,15.898814890782848,8030961.090655444,3884635.118889121,16108809.74527298
2015-09-09,15.303382654993518,15.028356012483954,16.509857571575136,15.301720094689278,15.30495849554746,0.4974002811338915,0.4974002811338915,0.4974002811338915,0.4817424681258037,0.4817424681258037,0.4817424681258037,0.0156578130080878,0.0156578130080878,0.0156578130080878,0.0,0.0,0.0,15.80078293612741,7281029.309049927,3363039.4294270994,14795853.1068424
2015-09-10,15.303784154407628,14.89467640329204,16.376365101382095,15.302073111852977,15.305452425874718,0.3685027780641926,0.3685027780641926,0.3685027780641926,0.3503573578977987,0.3503573578977987,0.3503573578977987,0.0181454201663939,0.0181454201663939,0.0181454201663939,0.0,0.0,0.0,15.67228693247182,6403061.390949519,2942223.257049628,12946875.2575843
2015-09-11,15.304185653821737,15.083388660389756,16.5206567196831,15.302355483500278,15.305966164350544,0.4877386137825654,0.4877386137825654,0.4877386137825654,0.4675230130742231,0.4675230130742231,0.4675230130742231,0.0202156007083421,0.0202156007083421,0.0202156007083421,0.0,0.0,0.0,15.7919242676043,7216813.926376629,3553303.808552435,14956501.59890157
2015-09-12,15.304587153235849,15.0264795488005,16.518012953972395,15.30267541214854,15.306416817914227,0.4627423921536589,0.4627423921536589,0.4627423921536589,0.4410481315773867,0.4410481315773867,0.4410481315773867,0.0216942605762721,0.0216942605762721,0.0216942605762721,0.0,0.0,0.0,15.767329545389506,7041483.309930754,3356734.723321276,14917012.333362456
2015-09-13,15.304988652649955,11.68387820355531,13.168090768817702,15.303008442786986,15.306882147034832,-2.8935296011169145,-2.8935296011169145,-2.8935296011169145,-2.9159451489934294,-2.9159451489934294,-2.9159451489934294,0.0224155478765153,0.0224155478765153,0.0224155478765153,0.0,0.0,0.0,12.411459051533043,245598.89593387896,118642.46751152012,523393.5041925184
2015-09-14,15.305390152064064,15.158198252938933,16.61336383331978,15.303319235361668,15.307353899114403,0.6145973936862084,0.6145973936862084,0.6145973936862084,0.5923700930097899,0.5923700930097899,0.5923700930097899,0.0222273006764184,0.0222273006764184,0.0222273006764184,0.0,0.0,0.0,15.919987545750274,8202810.716777334,3829320.735590331,16409381.50747817
2015-09-15,15.305791651478176,15.212100661043769,16.586978638879895,15.303659495021568,15.30784321170191,0.6039003998071256,0.6039003998071256,0.6039003998071256,0.5829040852981603,0.5829040852981603,0.5829040852981603,0.0209963145089652,0.0209963145089652,0.0209963145089652,0.0,0.0,0.0,15.9096920512853,8118791.963598969,4041394.701901586,15982078.78175739
2015-09-16,15.306193150892284,15.088399863771402,16.553746417921335,15.303971061198071,15.308371302766124,0.5003557352653055,0.5003557352653055,0.5003557352653055,0.4817424681302152,0.4817424681302152,0.4817424681302152,0.0186132671350903,0.0186132671350903,0.0186132671350903,0.0,0.0,0.0,15.80654888615759,7323132.632160887,3571154.831822696,15459686.970842645
2015-09-17,15.306594650306396,14.936965890866327,16.390543354395476,15.30431270134076,15.308848149283564,0.3653545009140599,0.3653545009140599,0.3653545009140599,0.3503573578980737,0.3503573578980737,0.3503573578980737,0.0149971430159862,0.0149971430159862,0.0149971430159862,0.0,0.0,0.0,15.671949151220456,6400898.921763876,3069316.833701325,13131746.825891929
2015-09-18,15.306996149720504,15.038124097824836,16.45376286750609,15.304611996739272,15.309298361459378,0.477622022728954,0.477622022728954,0.477622022728954,0.4675230130786083,0.4675230130786083,0.4675230130786083,0.0100990096503456,0.0100990096503456,0.0100990096503456,0.0,0.0,0.0,15.78461817244946,7164279.334858816,3396050.8621093244,13988733.254155971
2015-09-19,15.307397649134614,15.006929900959348,16.519766982330346,15.304951311472449,15.309782971496812,0.4449531438435452,0.4449531438435452,0.4449531438435452,0.4410481315763631,0.4410481315763631,0.4410481315763631,0.0039050122671821,0.0039050122671821,0.0039050122671821,0.0,0.0,0.0,15.75235079297816,6936796.654897728,3291749.015605388,14943200.158144595
2015-09-20,15.307799148548725,11.669580862727765,13.12589177866312,15.305287387803412,15.310282814678713,-2.919506676959469,-2.919506676959469,-2.919506676959469,-2.9159451489934263,-2.9159451489934263,-2.9159451489934263,-0.0035615279660428,-0.0035615279660428,-0.0035615279660428,0.0,0.0,0.0,12.388292471589253,239974.58586548484,116958.25002496138,501766.3166970904
2015-09-21,15.308200647962831,15.1186782213163,16.634014014490944,15.305599239779742,15.310783522461264,0.5801310885128605,0.5801310885128605,0.5801310885128605,0.5923700930109702,0.5923700930109702,0.5923700930109702,-0.0122390044981096,-0.0122390044981096,-0.0122390044981096,0.0,0.0,0.0,15.888331736475694,7947211.025239046,3680937.1926827817,16751761.163467843
2015-09-22,15.308602147376943,15.144890928355556,16.66120632528699,15.30591774521693,15.31123451883499,0.5608766142110679,0.5608766142110679,0.5608766142110679,0.5829040853047375,0.5829040853047375,0.5829040853047375,-0.0220274710936695,-0.0220274710936695,-0.0220274710936695,0.0,0.0,0.0,15.869478761588011,7798785.959774453,3778700.26683261,17213530.11588276
2015-09-23,15.309003646791052,15.011936076883998,16.486373850256218,15.306236496077576,15.311678458611834,0.4489527876153583,0.4489527876153583,0.4489527876153583,0.481742468123341,0.481742468123341,0.481742468123341,-0.0327896805079827,-0.0327896805079827,-0.0327896805079827,0.0,0.0,0.0,15.757956434406411,6975791.047391727,3308269.4127882454,14452439.489315463
2015-09-24,15.309405146205162,14.857649657518918,16.328864053114348,15.306597055948414,15.312109727329288,0.3060041343758227,0.3060041343758227,0.3060041343758227,0.3503573578934879,0.3503573578934879,0.3503573578934879,-0.0443532235176652,-0.0443532235176652,-0.0443532235176652,0.0,0.0,0.0,15.615409280580984,6049033.80297282,2835274.468715302,12346262.85138755
2015-09-25,15.309806645619272,14.917410030374167,16.502643819618076,15.30690720499887,15.31260603080909,0.4110092688889428,0.4110092688889428,0.4110092688889428,0.4675230130773044,0.4675230130773044,0.4675230130773044,-0.0565137441883615,-0.0565137441883615,-0.0565137441883615,0.0,0.0,0.0,15.720815914508217,6721458.756024923,3009876.7773653422,14689503.536220828
2015-09-26,15.31020814503338,14.959997523446685,16.383110056631374,15.307217204049202,15.31312350338593,0.3720089559901115,0.3720089559901115,0.3720089559901115,0.4410481315801889,0.4410481315801889,0.4410481315801889,-0.0690391755900774,-0.0690391755900774,-0.0690391755900774,0.0,0.0,0.0,15.682217101023491,6466961.624694327,3140828.5894351103,13034496.52714101
2015-09-27,15.31060964444749,11.56325000965284,13.0868661564948,15.307537397861752,15.31364067834263,-2.997620058242314,-2.997620058242314,-2.997620058242314,-2.915945148993208,-2.915945148993208,-2.915945148993208,-0.0816749092491058,-0.0816749092491058,-0.0816749092491058,0.0,0.0,0.0,12.312989586205177,222567.36375005209,105160.23361911232,482561.7081985608
2015-09-28,15.3110111438616,15.095625233241591,16.505088533575574,15.30783535403111,15.31411566092544,0.4982203106483581,0.4982203106483581,0.4982203106483581,0.5923700930071124,0.5923700930071124,0.5923700930071124,-0.0941497823587543,-0.0941497823587543,-0.0941497823587543,0.0,0.0,0.0,15.80923145450996,7342803.811527875,3597051.194876786,14725459.105622694
2015-09-29,15.311412643275707,15.072664167579546,16.48705143022443,15.308142210447018,15.314624583277809,0.476721345252577,0.476721345252577,0.476721345252577,0.5829040853005956,0.5829040853005956,0.5829040853005956,-0.1061827400480186,-0.1061827400480186,-0.1061827400480186,0.0,0.0,0.0,15.788133988528283,7189511.957491891,3515400.029374697,14462235.491895564
2015-09-30,15.31181414268982,14.910026994900338,16.434231386083614,15.308453720474391,15.315104084543892,0.3642524614752848,0.3642524614752848,0.3642524614752848,0.4817424681277524,0.4817424681277524,0.4817424681277524,-0.1174900066524675,-0.1174900066524675,-0.1174900066524675,0.0,0.0,0.0,15.676066604165104,6427308.659109273,2987736.574485123,13718163.466666931
2015-10-01,15.312215642103927,14.827389989086956,16.21328493144038,15.308762003145182,15.315556505109232,0.2225647771962283,0.2225647771962283,0.2225647771962283,0.3503573578957948,0.3503573578957948,0.3503573578957948,-0.1277925806995665,-0.1277925806995665,-0.1277925806995665,0.0,0.0,0.0,15.534780419300157,5580451.472324149,2750765.0351444413,10998669.18784341
2015-10-02,15.31261714151804,14.957421910858752,16.444606478975235,15.30906656951026,15.316073667797667,0.3306991592167652,0.3306991592167652,0.3306991592167652,0.4675230130760002,0.4675230130760002,0.4675230130760002,-0.136823853859235,-0.136823853859235,-0.136823853859235,0.0,0.0,0.0,15.643316300734805,6220221.904034905,3132749.438056287,13861231.586478412
2015-10-03,15.313018640932148,14.86687805443196,16.320373422444515,15.309332809312698,15.316550370513797,0.2967109866437095,0.2967109866437095,0.2967109866437095,0.4410481315872551,0.4410481315872551,0.4410481315872551,-0.1443371449435455,-0.1443371449435455,-0.1443371449435455,0.0,0.0,0.0,15.609729627575858,6014774.766092148,2861560.619061741,12241879.054100396
2015-10-04,15.313420140346258,11.52946043964562,12.95204571282656,15.309614256525826,15.31705059975909,-3.066058085551922,-3.066058085551922,-3.066058085551922,-2.915945148993564,-2.915945148993564,-2.915945148993564,-0.150112936558358,-0.150112936558358,-0.150112936558358,0.0,0.0,0.0,12.247362054794335,208429.73416650028,101666.24339526086,421697.4283657868
2015-10-05,15.313821639760366,15.005766360211096,16.444720762238234,15.309936111630645,15.317598408662644,0.4384044885750847,0.4384044885750847,0.4384044885750847,0.592370093011145,0.592370093011145,0.592370093011145,-0.1539656044360602,-0.1539656044360602,-0.1539656044360602,0.0,0.0,0.0,15.752226128335453,6935931.935397633,3287921.1576953568,13862815.78388948
2015-10-06,15.314223139174477,14.99935869512427,16.515650964836684,15.310234417690786,15.318091916116916,0.427154647408501,0.427154647408501,0.427154647408501,0.5829040853018181,0.5829040853018181,0.5829040853018181,-0.155749437893317,-0.155749437893317,-0.155749437893317,0.0,0.0,0.0,15.741377786582978,6861095.225581946,3266920.607776185,14881820.088143677
2015-10-07,15.314624638588588,14.8794818974848,16.364289058487902,15.310553791678773,15.318580641456888,0.3263787039825695,0.3263787039825695,0.3263787039825695,0.4817424681321637,0.4817424681321637,0.4817424681321637,-0.1553637641495943,-0.1553637641495943,-0.1553637641495943,0.0,0.0,0.0,15.641003342571157,6205851.414266694,2897855.5398636386,12791468.462699436
2015-10-08,15.315026138002697,14.797281007731003,16.28832492779592,15.310877529956016,15.31907679919327,0.1976003487438205,0.1976003487438205,0.1976003487438205,0.3503573578912091,0.3503573578912091,0.3503573578912091,-0.1527570091473885,-0.1527570091473885,-0.1527570091473885,0.0,0.0,0.0,15.512626486746518,5458181.881519539,2669176.706185769,11855765.454251235
2015-10-09,15.315427637416803,14.871020384598248,16.34990787569503,15.31117609359254,15.319606008866067,0.3195934604765456,0.3195934604765456,0.3195934604765456,0.4675230130747622,0.4675230130747622,0.4675230130747622,-0.1479295525982166,-0.1479295525982166,-0.1479295525982166,0.0,0.0,0.0,15.63502109789335,6168837.310787985,2873438.7366368365,12608828.439710751
2015-10-10,15.315829136830914,14.886577478402188,16.39747097904885,15.31147637088649,15.320119363797332,0.3001128669317556,0.3001128669317556,0.3001128669317556,0.4410481315829914,0.4410481315829914,0.4410481315829914,-0.1409352646512357,-0.1409352646512357,-0.1409352646512357,0.0,0.0,0.0,15.615942003762669,6052257.122531477,2918490.637856335,13223034.484098902
2015-10-11,15.316230636245024,11.55403245716699,12.9691746727464,15.311824967739724,15.320607513625436,-3.0478267941065056,-3.0478267941065056,-3.0478267941065056,-2.915945148993345,-2.915945148993345,-2.915945148993345,-0.1318816451131606,-0.1318816451131606,-0.1318816451131606,0.0,0.0,0.0,12.268403842138518,212861.95676162123,104195.35815543776,428982.902006792
2015-10-12,15.316632135659134,15.057126650489622,16.55116511935161,15.312118012023376,15.321107501624658,0.4714415703274063,0.4714415703274063,0.4714415703274063,0.5923700930123252,0.5923700930123252,0.5923700930123252,-0.1209285226849189,-0.1209285226849189,-0.1209285226849189,0.0,0.0,0.0,15.78807370598654,7189078.568439939,3461201.5708934413,15419832.360848589
2015-10-13,15.317033635073244,15.050828431179273,16.51836171592953,15.31240552521328,15.321607489623878,0.4746187750338209,0.4746187750338209,0.4746187750338209,0.5829040853030312,0.5829040853030312,0.5829040853030312,-0.1082853102692101,-0.1082853102692101,-0.1082853102692101,0.0,0.0,0.0,15.791652410107066,7214852.247793328,3439470.6628709864,14922215.727447413
2015-10-14,15.317435134487352,14.923052649341829,16.418886258482512,15.31270927395546,15.32220024236572,0.3875356161137721,0.3875356161137721,0.3875356161137721,0.4817424681252897,0.4817424681252897,0.4817424681252897,-0.0942068520115175,-0.0942068520115175,-0.0942068520115175,0.0,0.0,0.0,15.704970750601124,6615795.461331639,3026908.3770266105,13509263.380886173
2015-10-15,15.317836633901464,14.821592988751762,16.345995461146128,15.312993071673125,15.32279637973802,0.2713694206125712,0.2713694206125712,0.2713694206125712,0.3503573578983768,0.3503573578983768,0.3503573578983768,-0.0789879372858056,-0.0789879372858056,-0.0789879372858056,0.0,0.0,0.0,15.589206054514031,5892588.217377492,2734864.974372537,12559593.847835729
2015-10-16,15.318238133315573,15.040601295656986,16.44329377685716,15.31328461069147,15.323303561708698,0.4045664178521484,0.4045664178521484,0.4045664178521484,0.4675230130790814,0.4675230130790814,0.4675230130790814,-0.0629565952269329,-0.0629565952269329,-0.0629565952269329,0.0,0.0,0.0,15.72280455116772,6734838.5967125725,3404473.982981012,13843047.854625843
2015-10-17,15.318639632729685,14.97138219510116,16.490500436816372,15.31360380610381,15.32383864881536,0.3945818120256602,0.3945818120256602,0.3945818120256602,0.4410481315819681,0.4410481315819681,0.4410481315819681,-0.0464663195563079,-0.0464663195563079,-0.0464663195563079,0.0,0.0,0.0,15.713221444755344,6670606.176814068,3176790.2202962614,14512201.95869509
2015-10-18,15.319041132143791,11.642122369212316,13.080414414968352,15.313913415929546,15.324347142654188,-2.945832555294481,-2.945832555294481,-2.945832555294481,-2.915945148993127,-2.915945148993127,-2.915945148993127,-0.029887406301354,-0.029887406301354,-0.029887406301354,0.0,0.0,0.0,12.373208576849311,236381.9827285728,113790.41622336605,479458.3600995849
2015-10-19,15.319442631557902,15.156534585641054,16.61203585208702,15.314225869183089,15.32487001959939,0.5787724774173366,0.5787724774173366,0.5787724774173366,0.5923700930163579,0.5923700930163579,0.5923700930163579,-0.0135976155990212,-0.0135976155990212,-0.0135976155990212,0.0,0.0,0.0,15.898215108975238,8026145.709929098,3822955.314685253,16387604.618317433
2015-10-20,15.31984413097201,15.121881650886015,16.62881068408872,15.314539622013628,15.325420586726166,0.5849316930822981,0.5849316930822981,0.5849316930822981,0.582904085304244,0.582904085304244,0.582904085304244,0.0020276077780541,0.0020276077780541,0.0020276077780541,0.0,0.0,0.0,15.904775824054308,8078976.084696004,3692747.7259393246,16664822.591322131
2015-10-21,15.32024563038612,15.010343741576088,16.57808174874709,15.314833345047052,15.32600664385152,0.4983675710959805,0.4983675710959805,0.4983675710959805,0.481742468129701,0.481742468129701,0.481742468129701,0.0166251029662795,0.0166251029662795,0.0166251029662795,0.0,0.0,0.0,15.8186132014821,7412016.307742226,3303005.7288888968,15840518.630164135
2015-10-22,15.32064712980023,15.004851602087824,16.43707783935887,15.315151720869707,15.326522853282484,0.3802112452366019,0.3802112452366019,0.3802112452366019,0.350357357893791,0.350357357893791,0.350357357893791,0.0298538873428108,0.0298538873428108,0.0298538873428108,0.0,0.0,0.0,15.700858375036832,6588644.686979878,3284914.8794112974,13757267.20792728
2015-10-23,15.32104862921434,15.104508013592348,16.535906068023003,15.31545931577131,15.327019813214394,0.5089277222651629,0.5089277222651629,0.5089277222651629,0.4675230130722201,0.4675230130722201,0.4675230130722201,0.0414047091929427,0.0414047091929427,0.0414047091929427,0.0,0.0,0.0,15.829976351479504,7496720.514070791,3629145.351075181,15186326.40256836
2015-10-24,15.321450128628449,15.09688159204373,16.51995446450066,15.315766261541018,15.32751347547804,0.4920571258384648,0.4920571258384648,0.4920571258384648,0.4410481315777044,0.4410481315777044,0.4410481315777044,0.0510089942607604,0.0510089942607604,0.0510089942607604,0.0,0.0,0.0,15.813507254466913,7374267.394081417,3601573.223113747,14946002.004569093
2015-10-25,15.321851628042555,11.684430973329958,13.188873703004813,15.316071988925122,15.32801304156287,-2.857498217047316,-2.857498217047316,-2.857498217047316,-2.9159451489934822,-2.9159451489934822,-2.9159451489934822,0.0584469319461672,0.0584469319461672,0.0584469319461672,0.0,0.0,0.0,12.46435341099524,258939.4550570509,118708.06816367844,534384.999865438
2015-10-26,15.322253127456667,15.287651307311467,16.73638896365881,15.316347074374232,15.328511859631096,0.655924557216686,0.655924557216686,0.655924557216686,0.5923700930096477,0.5923700930096477,0.5923700930096477,0.0635544642070382,0.0635544642070382,0.0635544642070382,0.0,0.0,0.0,15.978177684673351,8694294.550098168,4358554.736321327,18557580.38752734
2015-10-27,15.322654626870778,15.241805732647936,16.679086055624474,15.3166441523088,15.32897226203321,0.6491330495668475,0.6491330495668475,0.6491330495668475,0.5829040853054664,0.5829040853054664,0.5829040853054664,0.0662289642613811,0.0662289642613811,0.0662289642613811,0.0,0.0,0.0,15.971787676437623,8638915.056079399,4163245.4838346792,17524071.334113877
2015-10-28,15.323056126284888,15.112695067214243,16.554781018551736,15.316929720796711,15.329410650521783,0.5481758905615429,0.5481758905615429,0.5481758905615429,0.4817424681273157,0.4817424681273157,0.4817424681273157,0.0664334224342272,0.0664334224342272,0.0664334224342272,0.0,0.0,0.0,15.871232016846433,7812471.217390314,3658979.326388897,15475689.850630386
2015-10-29,15.323457625698996,14.95413884938761,16.528451110903685,15.317205675148235,15.32990406844609,0.4145563501470743,0.4145563501470743,0.4145563501470743,0.3503573578892053,0.3503573578892053,0.3503573578892053,0.0641989922578689,0.0641989922578689,0.0641989922578689,0.0,0.0,0.0,15.738013975846073,6838054.570358933,3122481.290497143,15073533.936862543
