product_id,current_stock,reorder_level,supplier_lead_time
FUR-BO-10001798,152,101,10
FUR-CH-10000454,485,135,26
OFF-LA-10000240,910,186,8
FUR-TA-10000577,320,165,29
OFF-ST-10000760,156,122,4
FUR-FU-10001487,121,36,21
OFF-AR-10002833,750,33,7
TEC-PH-10002275,70,178,28
OFF-BI-10003910,664,171,22
OFF-AP-10002892,171,127,3
FUR-TA-10001539,516,64,7
TEC-PH-10002033,264,117,4
OFF-PA-10002365,380,150,17
OFF-BI-10003656,508,56,9
OFF-AP-10002311,137,190,3
OFF-BI-10000756,422,187,18
OFF-ST-10004186,149,127,10
OFF-ST-10000107,921,58,13
OFF-AR-10003056,713,34,4
TEC-PH-10001949,180,139,12
OFF-BI-10002215,711,23,2
OFF-AR-10000246,358,112,24
OFF-AP-10001492,819,172,14
FUR-CH-10002774,393,160,16
OFF-BI-10001634,541,180,27
TEC-AC-10003027,463,35,6
FUR-BO-10004834,855,189,22
OFF-BI-10000474,435,127,18
FUR-FU-10004848,241,145,26
OFF-EN-10001509,326,74,24
OFF-AR-10004042,210,189,25
OFF-BI-10001525,509,53,26
OFF-AR-10001683,363,177,7
OFF-PA-10000249,71,32,29
TEC-PH-10004977,302,160,22
FUR-FU-10003664,797,37,23
OFF-EN-10002986,906,179,12
FUR-BO-10002545,610,115,19
FUR-CH-10004218,524,142,5
TEC-PH-10000486,108,58,4
TEC-PH-10004093,560,65,14
OFF-ST-10003479,731,48,24
OFF-ST-10003282,525,81,10
TEC-AC-10000171,749,35,22
OFF-BI-10003291,832,140,7
OFF-ST-10001713,239,29,27
TEC-AC-10002167,736,177,29
TEC-PH-10003988,612,172,13
OFF-BI-10004410,925,122,3
OFF-LA-10002762,616,103,4
FUR-FU-10001706,293,152,4
FUR-CH-10003061,881,84,29
OFF-FA-10000304,554,196,13
TEC-PH-10002447,180,22,16
OFF-ST-10000604,534,192,10
OFF-PA-10001569,868,161,24
FUR-CH-10003968,696,139,9
OFF-PA-10000587,70,177,12
OFF-BI-10001460,890,87,17
OFF-AR-10001868,216,165,27
TEC-AC-10004633,323,56,28
OFF-BI-10001078,437,172,26
OFF-PA-10003892,650,195,23
FUR-FU-10000397,365,92,5
FUR-CH-10001146,63,162,29
OFF-AR-10002671,291,68,2
TEC-PH-10002726,826,140,25
OFF-PA-10000482,395,107,8
OFF-BI-10004654,614,159,3
OFF-PA-10004675,947,56,25
FUR-CH-10000513,389,80,29
FUR-FU-10003708,141,190,6
OFF-ST-10004123,416,143,8
OFF-BI-10004182,504,58,5
FUR-FU-10000260,477,82,6
OFF-ST-10000615,558,65,25
FUR-FU-10003194,825,107,2
OFF-AP-10002118,992,30,2
OFF-BI-10002309,84,81,16
OFF-AR-10002053,255,96,21
OFF-ST-10002370,130,172,20
OFF-EN-10000927,981,71,11
OFF-ST-10003656,611,23,29
FUR-CH-10000863,921,78,19
TEC-AC-10001998,437,91,29
OFF-LA-10000134,51,167,4
OFF-ST-10003442,439,112,12
OFF-AR-10004930,615,82,16
OFF-PA-10000304,155,73,28
OFF-PA-10003177,821,136,12
FUR-FU-10003799,871,129,18
OFF-BI-10002852,526,93,18
OFF-BI-10004738,752,126,7
FUR-FU-10000629,451,76,6
OFF-BI-10001721,779,188,9
OFF-AP-10000358,605,22,3
OFF-PA-10003256,211,139,17
TEC-AC-10001767,251,25,21
OFF-BI-10002609,319,24,25
OFF-PA-10004040,912,24,13
TEC-AC-10001552,865,73,7
FUR-FU-10004006,320,66,2
OFF-BI-10002794,505,196,5
TEC-AC-10003499,511,28,18
TEC-PH-10002844,776,118,14
OFF-AR-10000390,301,39,19
TEC-AC-10000844,751,141,6
FUR-FU-10001934,345,80,25
OFF-AR-10000380,774,142,25
OFF-BI-10003981,769,182,28
OFF-FA-10000621,798,197,4
OFF-EN-10002600,387,101,12
OFF-PA-10004965,928,81,14
OFF-EN-10002504,102,164,5
FUR-TA-10001768,841,22,27
OFF-BI-10003650,971,179,28
FUR-FU-10002157,266,32,15
OFF-ST-10000777,813,139,23
OFF-EN-10002500,237,144,12
TEC-PH-10003875,429,108,28
FUR-CH-10004063,542,92,11
FUR-TA-10004534,90,87,20
OFF-BI-10003274,206,161,19
OFF-ST-10002974,64,120,7
FUR-CH-10001146,862,117,28
FUR-FU-10003773,114,30,16
TEC-PH-10002293,906,124,22
OFF-PA-10002377,888,86,11
OFF-FA-10002780,570,142,6
OFF-PA-10001804,393,48,27
OFF-PA-10001736,178,156,6
OFF-AR-10001149,697,172,11
OFF-FA-10002988,521,95,29
OFF-BI-10004781,112,189,6
OFF-SU-10001218,188,28,4
OFF-AR-10000940,548,59,24
OFF-EN-10004030,642,44,7
OFF-PA-10004327,441,24,5
OFF-AP-10001058,724,158,19
FUR-FU-10000521,468,143,29
TEC-PH-10000215,338,57,10
TEC-PH-10001448,428,91,18
OFF-BI-10002735,822,152,14
OFF-AP-10000326,539,195,28
TEC-PH-10001254,280,109,16
OFF-PA-10001950,90,165,21
OFF-PA-10002254,77,56,18
OFF-ST-10001590,184,79,14
OFF-AR-10001547,250,195,17
OFF-LA-10002475,889,47,23
TEC-PH-10004536,829,100,5
OFF-PA-10002751,979,133,6
TEC-AC-10003657,82,59,6
OFF-EN-10001990,97,64,10
OFF-BI-10004002,552,81,18
OFF-AR-10004441,456,112,14
TEC-MA-10000822,623,134,3
OFF-ST-10000991,777,86,14
FUR-CH-10004287,854,75,23
OFF-AR-10002656,148,59,22
OFF-AP-10002518,733,117,28
TEC-PH-10003931,921,59,24
OFF-PA-10000659,775,110,20
OFF-PA-10001144,596,52,4
FUR-CH-10003817,788,25,11
OFF-AP-10000891,662,166,3
OFF-LA-10003148,992,99,14
OFF-AP-10002684,511,187,20
FUR-CH-10004698,692,111,27
OFF-SU-10002189,818,116,18
OFF-AR-10001940,54,78,22
OFF-ST-10003455,267,78,15
TEC-AC-10004659,552,67,13
TEC-PH-10003273,816,188,22
TEC-PH-10004896,447,32,13
TEC-AC-10002345,920,126,12
OFF-BI-10001890,844,64,8
TEC-AC-10002323,442,108,5
OFF-ST-10001328,256,189,20
FUR-BO-10002613,64,119,2
TEC-PH-10001552,907,174,29
OFF-PA-10000061,603,185,25
OFF-AR-10003514,941,26,4
OFF-AR-10004685,510,152,14
OFF-AR-10004027,740,64,16
OFF-ST-10001414,624,77,3
OFF-BI-10000343,913,50,12
OFF-PA-10002749,792,42,5
OFF-PA-10002666,290,189,20
FUR-TA-10004289,613,157,18
OFF-AP-10003622,145,179,4
OFF-AP-10003217,949,126,29
FUR-FU-10002960,783,177,19
TEC-PH-10001918,534,58,9
OFF-ST-10000642,456,178,23
TEC-PH-10001700,280,101,26
OFF-FA-10000134,798,119,25
OFF-ST-10001522,704,21,27
TEC-AC-10001266,220,96,20
OFF-LA-10004544,590,31,6
FUR-BO-10004695,85,58,8
TEC-MA-10000864,574,32,22
TEC-AC-10000109,209,65,9
TEC-PH-10002563,888,174,29
OFF-FA-10000585,748,132,6
OFF-PA-10004000,292,36,18
FUR-FU-10000087,135,123,6
TEC-MA-10001148,845,117,5
OFF-AR-10001958,627,107,23
OFF-AR-10001026,731,128,20
FUR-TA-10003748,606,182,28
OFF-ST-10002485,623,89,22
FUR-CH-10004860,695,177,3
FUR-CH-10004477,845,93,12
OFF-BI-10001679,77,82,23
FUR-TA-10001705,669,175,14
FUR-TA-10003473,605,79,16
FUR-FU-10004017,389,98,13
TEC-AC-10003832,847,56,23
OFF-PA-10002479,380,41,22
OFF-PA-10003349,689,167,23
FUR-FU-10000576,555,115,12
FUR-FU-10004351,397,87,8
TEC-PH-10000011,522,36,29
FUR-TA-10002607,280,31,6
FUR-FU-10002505,239,169,18
OFF-ST-10002276,274,164,25
OFF-PA-10004082,434,157,21
OFF-AP-10002945,426,137,10
FUR-CH-10002965,332,41,15
OFF-PA-10004569,682,139,27
OFF-ST-10001228,677,69,13
OFF-EN-10003296,794,33,7
OFF-ST-10004804,308,194,18
TEC-PH-10001580,408,48,20
TEC-AC-10000290,759,183,20
OFF-ST-10002790,505,199,27
OFF-BI-10003460,460,144,17
OFF-AP-10002203,698,26,13
TEC-MA-10003353,367,48,13
TEC-PH-10001433,726,158,21
TEC-AC-10004469,274,52,7
OFF-AR-10003602,868,153,24
OFF-FA-10003472,283,130,27
OFF-ST-10004180,733,98,5
OFF-EN-10004386,713,179,7
OFF-ST-10003208,876,198,12
TEC-AC-10003628,423,77,2
FUR-FU-10003274,721,45,25
OFF-BI-10002557,657,193,24
OFF-PA-10002615,521,48,16
OFF-AR-10001427,282,23,28
OFF-PA-10000673,741,118,12
OFF-PA-10004470,162,160,26
OFF-ST-10000876,879,58,20
OFF-LA-10002043,546,34,19
OFF-BI-10004967,491,138,18
TEC-PH-10001760,613,48,20
FUR-TA-10002903,317,176,22
OFF-PA-10000474,559,94,15
TEC-AC-10001956,856,135,28
OFF-PA-10004100,435,51,19
OFF-BI-10000778,436,149,29
OFF-SU-10000646,162,194,20
OFF-FA-10002983,662,103,16
OFF-LA-10004689,674,41,16
TEC-AC-10002001,130,46,5
FUR-BO-10004709,748,100,8
FUR-FU-10004091,162,145,14
FUR-CH-10001891,51,111,4
FUR-FU-10002918,691,40,17
OFF-BI-10004593,269,66,10
OFF-FA-10004854,615,120,9
OFF-PA-10002105,904,103,21
OFF-ST-10002756,785,25,14
OFF-PA-10004243,274,166,18
FUR-FU-10001861,434,150,18
OFF-BI-10002706,452,20,18
FUR-TA-10002533,687,77,2
FUR-FU-10002671,179,143,9
OFF-AR-10003651,102,185,20
OFF-BI-10001072,733,34,7
OFF-AR-10002135,779,181,4
OFF-AR-10002804,721,182,28
FUR-FU-10001918,759,83,6
FUR-CH-10004086,465,44,14
FUR-FU-10001756,296,43,16
OFF-LA-10000634,885,31,15
FUR-FU-10001588,488,37,24
TEC-PH-10002398,252,34,17
OFF-PA-10001937,233,46,19
OFF-AR-10003373,172,91,23
FUR-CH-10002602,450,79,23
TEC-MA-10002927,816,193,12
TEC-AC-10000892,343,164,4
OFF-FA-10000624,329,112,23
TEC-AC-10001908,886,72,11
FUR-FU-10001967,933,27,11
TEC-PH-10003645,659,98,22
OFF-ST-10000675,247,46,17
FUR-CH-10003312,956,193,13
OFF-LA-10001074,560,69,3
OFF-BI-10001524,801,150,10
TEC-PH-10004614,193,112,25
OFF-BI-10001153,658,191,4
OFF-BI-10001982,250,43,25
OFF-BI-10001922,173,79,26
TEC-CO-10001449,236,141,16
OFF-BI-10004140,375,150,4
OFF-BI-10003314,513,167,20
FUR-TA-10004575,398,65,19
OFF-FA-10000490,820,34,9
OFF-AR-10000122,709,172,27
TEC-PH-10000702,813,36,18
OFF-AR-10001374,981,145,9
OFF-PA-10001970,452,103,8
OFF-BI-10002160,395,28,8
OFF-BI-10004995,560,185,4
FUR-BO-10002268,196,195,2
OFF-EN-10001137,197,82,5
OFF-AR-10002399,913,136,26
OFF-PA-10002713,760,149,6
OFF-AP-10001124,869,107,2
OFF-LA-10001158,538,91,16
FUR-CH-10000785,978,158,6
OFF-AR-10003732,985,83,14
FUR-FU-10000023,689,91,9
OFF-BI-10002412,600,40,9
OFF-SU-10001225,387,37,6
OFF-ST-10002406,921,83,29
OFF-PA-10002036,690,101,10
OFF-ST-10002205,828,129,2
TEC-AC-10003911,522,114,5
OFF-AR-10000658,995,185,4
TEC-AC-10002076,200,51,3
OFF-PA-10003039,464,30,9
FUR-TA-10004915,347,64,24
OFF-AP-10000696,660,52,10
OFF-ST-10003327,312,121,3
OFF-BI-10000309,813,188,15
OFF-PA-10004734,193,155,15
OFF-BI-10002225,395,30,5
TEC-AC-10004708,673,198,7
FUR-TA-10000617,621,107,12
TEC-AC-10002335,930,60,4
TEC-MA-10001681,51,164,9
FUR-FU-10001935,946,95,4
OFF-AR-10004757,353,140,15
OFF-BI-10000050,303,65,29
TEC-PH-10003012,701,179,14
TEC-CO-10002313,502,99,14
OFF-BI-10003982,86,73,3
OFF-BI-10004492,209,105,14
OFF-ST-10000798,58,111,20
OFF-PA-10002552,282,167,28
OFF-SU-10002573,148,180,7
OFF-ST-10001580,708,187,17
OFF-ST-10000934,865,179,3
TEC-AC-10000158,257,116,9
OFF-PA-10001947,180,21,18
OFF-AR-10003478,453,52,24
OFF-AP-10004249,201,177,3
TEC-CO-10004115,103,180,11
OFF-PA-10003724,169,96,29
FUR-TA-10002041,722,135,17
OFF-PA-10002893,969,173,7
OFF-LA-10003766,677,169,29
OFF-PA-10001970,636,122,3
FUR-BO-10001972,674,185,3
FUR-CH-10003956,469,122,27
OFF-PA-10000157,471,109,14
OFF-AR-10004344,153,193,25
FUR-CH-10004886,901,141,16
OFF-PA-10003845,303,162,29
OFF-AR-10001573,276,125,3
OFF-EN-10000483,161,138,8
TEC-AC-10004114,559,191,4
FUR-FU-10004712,522,68,9
OFF-ST-10000918,148,123,24
FUR-CH-10000015,202,80,15
FUR-FU-10003347,910,142,25
OFF-BI-10001543,963,153,24
TEC-MA-10000029,945,28,28
OFF-AR-10000369,927,25,23
OFF-BI-10004584,387,92,8
OFF-ST-10000617,755,122,22
OFF-ST-10003306,871,179,8
OFF-BI-10000773,212,60,2
TEC-AC-10002600,769,133,18
TEC-MA-10002937,730,27,10
OFF-PA-10002230,210,91,22
FUR-CH-10003396,629,197,14
FUR-FU-10000246,850,111,22
OFF-ST-10000060,447,81,20
OFF-ST-10003058,326,103,22
OFF-PA-10002222,865,81,20
FUR-CH-10002372,965,130,26
OFF-LA-10001317,553,146,26
FUR-FU-10000206,945,26,23
OFF-AR-10000588,441,103,18
OFF-ST-10001469,184,151,24
OFF-AR-10001953,244,153,24
OFF-AR-10003156,450,77,11
OFF-AR-10004974,689,41,11
TEC-PH-10002365,82,173,5
OFF-ST-10000142,737,146,9
TEC-AC-10001772,509,22,23
FUR-CH-10000225,932,146,21
FUR-CH-10002331,519,60,21
OFF-EN-10001415,424,125,19
OFF-AP-10002472,71,33,15
TEC-AC-10004571,799,31,19
OFF-BI-10001098,719,106,29
FUR-TA-10001889,87,31,15
OFF-BI-10000315,279,160,21
OFF-SU-10003505,414,44,22
OFF-AP-10002578,612,64,25
FUR-BO-10002824,487,141,16
OFF-BI-10002194,825,166,23
OFF-PA-10004071,332,74,5
OFF-ST-10002743,76,119,14
FUR-BO-10001601,275,192,28
TEC-PH-10002680,326,155,24
OFF-ST-10001321,847,138,9
OFF-PA-10001509,658,72,19
OFF-PA-10003465,333,51,13
TEC-PH-10000149,928,70,24
OFF-AR-10003045,530,63,15
OFF-ST-10000689,502,101,3
TEC-AC-10001445,878,165,19
TEC-AC-10002567,865,169,25
OFF-LA-10003923,708,56,3
FUR-BO-10001337,565,115,12
TEC-PH-10001924,596,75,10
TEC-PH-10001363,241,124,13
TEC-PH-10000376,98,78,18
TEC-AC-10000303,561,150,16
OFF-ST-10001809,66,175,26
OFF-EN-10003845,221,54,18
TEC-AC-10000991,269,112,27
FUR-TA-10001857,207,116,27
OFF-EN-10001434,526,154,19
OFF-BI-10002498,95,95,23
FUR-FU-10004864,422,68,7
FUR-FU-10000073,567,113,18
OFF-BI-10001670,148,178,24
OFF-BI-10001658,941,43,25
FUR-CH-10001215,794,167,19
OFF-BI-10000831,86,56,9
OFF-PA-10000357,329,23,10
OFF-AR-10001662,398,127,7
OFF-AR-10003856,546,145,6
OFF-ST-10001228,351,39,13
OFF-BI-10003527,230,171,26
FUR-FU-10001290,656,69,29
TEC-AC-10002399,148,196,12
OFF-AR-10003811,749,198,26
OFF-AR-10001246,165,115,2
TEC-CO-10003236,240,124,12
OFF-ST-10004507,302,183,20
OFF-PA-10001667,977,136,10
OFF-ST-10004459,210,117,28
OFF-ST-10000736,305,85,3
OFF-BI-10000285,372,98,13
TEC-PH-10003555,177,181,5
TEC-AC-10003832,67,183,5
OFF-FA-10002815,842,25,19
FUR-CH-10003379,784,58,16
OFF-ST-10004963,615,189,20
OFF-SU-10002881,619,134,14
OFF-EN-10001335,372,144,20
FUR-CH-10000595,921,31,18
FUR-FU-10000448,735,150,7
TEC-PH-10000984,841,37,17
OFF-ST-10001325,675,59,25
OFF-BI-10002429,337,40,13
OFF-BI-10004528,992,162,20
OFF-AP-10001271,903,118,6
FUR-CH-10002647,712,45,18
TEC-AC-10001432,688,27,27
TEC-PH-10002262,204,119,24
TEC-AC-10001465,539,106,27
TEC-PH-10002597,435,61,2
FUR-FU-10000723,834,191,29
OFF-BI-10000404,153,33,28
OFF-PA-10002986,978,97,26
OFF-SU-10001935,442,21,25
FUR-CH-10002024,860,138,24
FUR-FU-10003039,295,56,11
OFF-FA-10004248,225,88,16
OFF-ST-10001780,88,185,24
OFF-AR-10003560,526,60,22
OFF-LA-10001297,731,81,22
FUR-TA-10004256,808,79,12
OFF-PA-10003441,587,144,14
OFF-BI-10000069,916,130,6
OFF-AP-10003914,867,33,2
FUR-FU-10004020,970,103,25
OFF-FA-10003467,457,149,13
TEC-PH-10002496,574,89,12
OFF-PA-10004530,877,164,18
OFF-BI-10001107,555,142,5
OFF-PA-10004451,952,108,16
FUR-CH-10004997,874,47,26
TEC-PH-10000347,85,85,10
OFF-AR-10003394,734,182,22
OFF-PA-10001450,69,24,21
OFF-SU-10001574,370,187,20
FUR-FU-10001475,825,183,20
OFF-SU-10004498,561,64,13
TEC-PH-10000586,449,170,6
OFF-BI-10002764,703,66,11
OFF-LA-10003930,932,50,18
TEC-PH-10003800,520,158,6
OFF-PA-10002005,192,29,23
OFF-PA-10004101,141,137,17
OFF-AR-10004078,403,33,8
OFF-AP-10004708,883,99,29
FUR-FU-10001979,849,112,10
OFF-SU-10004115,776,29,4
TEC-PH-10001425,903,95,16
TEC-PH-10003963,100,113,17
OFF-ST-10001490,714,124,19
OFF-PA-10002120,747,20,15
OFF-BI-10000848,624,152,4
TEC-PH-10003092,239,39,13
OFF-LA-10004345,174,27,10
OFF-PA-10001204,199,190,29
TEC-PH-10004667,363,20,8
OFF-BI-10002949,619,76,10
FUR-FU-10003849,391,83,14
FUR-FU-10000010,354,137,19
OFF-BI-10002824,741,47,6
TEC-PH-10002538,731,140,14
OFF-BI-10002103,887,126,5
FUR-CH-10004853,832,184,3
OFF-AP-10000179,103,194,17
OFF-ST-10001272,493,184,10
FUR-FU-10000221,662,68,10
OFF-AP-10001563,313,139,7
OFF-BI-10000605,102,63,12
OFF-ST-10001963,621,75,23
TEC-AC-10001267,669,175,25
TEC-PH-10002103,54,130,23
TEC-AC-10002857,152,153,2
FUR-CH-10001482,245,127,5
OFF-BI-10001989,823,167,14
OFF-AP-10003287,926,133,24
OFF-BI-10004728,933,97,14
FUR-FU-10000732,399,149,14
OFF-ST-10000585,96,56,3
OFF-LA-10002787,916,39,10
OFF-PA-10001934,872,45,25
OFF-AP-10002457,985,48,9
OFF-FA-10003112,869,20,8
OFF-AP-10002350,705,138,5
TEC-AC-10001142,318,54,19
TEC-AC-10001101,419,78,4
OFF-AP-10002439,685,88,29
OFF-BI-10002827,155,180,7
OFF-EN-10002230,719,198,13
OFF-ST-10001511,708,31,13
OFF-SU-10004231,706,39,22
TEC-PH-10004042,169,62,29
FUR-FU-10003096,880,145,9
FUR-FU-10002759,836,69,23
FUR-TA-10000688,653,48,23
OFF-PA-10002377,107,58,2
OFF-AR-10001954,395,190,5
OFF-AP-10004532,790,197,22
OFF-PA-10002137,523,170,29
OFF-AP-10000804,166,191,12
TEC-AC-10003614,879,57,4
FUR-FU-10003553,840,103,14
OFF-BI-10004632,176,170,26
OFF-BI-10003305,442,147,18
OFF-ST-10002583,957,145,23
TEC-MA-10004125,690,64,23
OFF-LA-10001934,107,71,11
FUR-BO-10004015,683,99,22
FUR-FU-10004071,562,197,13
OFF-ST-10002444,800,143,16
TEC-AC-10002253,851,138,22
OFF-PA-10000743,145,27,11
OFF-LA-10002312,687,104,15
OFF-LA-10003510,167,148,14
OFF-AR-10001118,609,27,6
OFF-BI-10001575,650,176,7
FUR-FU-10003394,537,115,25
FUR-TA-10002774,286,121,3
OFF-PA-10001800,934,24,23
OFF-AP-10001469,946,105,18
FUR-BO-10003272,321,194,5
OFF-EN-10001219,238,53,15
OFF-AP-10001154,753,74,11
TEC-AC-10001606,496,138,4
OFF-BI-10003355,630,190,26
FUR-FU-10002253,839,177,4
OFF-PA-10004092,910,133,16
FUR-TA-10000198,296,164,7
OFF-ST-10000036,125,45,18
FUR-FU-10000222,203,155,13
OFF-SU-10004664,705,66,23
OFF-EN-10001141,484,132,21
TEC-PH-10002170,135,95,25
OFF-PA-10001954,746,91,12
FUR-TA-10002228,334,108,26
OFF-ST-10004634,269,65,5
TEC-AC-10003610,118,52,27
FUR-BO-10001619,96,20,29
OFF-BI-10000138,143,166,27
TEC-AC-10001383,799,50,7
OFF-LA-10003223,502,161,2
OFF-BI-10004094,253,72,21
OFF-PA-10004971,961,67,24
OFF-SU-10004261,267,88,29
TEC-PH-10000004,523,124,17
OFF-BI-10003638,481,109,16
FUR-FU-10003577,390,82,18
OFF-BI-10000546,600,92,9
TEC-CO-10002095,661,180,29
FUR-TA-10001095,338,188,27
OFF-LA-10004484,303,108,13
OFF-EN-10001532,783,195,28
TEC-AC-10003174,406,32,23
OFF-BI-10004187,72,92,22
OFF-ST-10000025,811,96,11
FUR-FU-10004306,571,178,28
FUR-CH-10003746,807,87,16
OFF-BI-10001036,886,117,10
OFF-BI-10000301,149,144,3
OFF-AR-10004648,851,121,6
FUR-FU-10002597,229,151,7
OFF-AR-10003405,272,121,8
FUR-CH-10002335,955,38,22
OFF-PA-10003657,811,101,26
FUR-BO-10004409,708,160,2
TEC-AC-10000057,491,42,24
OFF-EN-10000056,657,102,27
OFF-BI-10000014,818,128,8
FUR-CH-10004675,374,94,21
OFF-BI-10001132,565,148,26
FUR-CH-10003199,65,107,13
TEC-PH-10001530,841,73,17
OFF-LA-10001569,385,108,17
OFF-PA-10000176,808,162,12
OFF-LA-10002271,307,84,22
FUR-FU-10004090,546,95,5
OFF-AP-10000576,945,162,14
OFF-PA-10003953,209,168,8
FUR-FU-10000794,524,166,5
OFF-AR-10001897,901,79,16
TEC-PH-10001795,713,112,20
TEC-AC-10004901,957,180,10
OFF-AR-10003190,739,68,12
OFF-AP-10000240,724,54,9
TEC-AC-10001838,429,191,2
OFF-PA-10003651,594,121,24
OFF-BI-10003094,978,30,26
FUR-CH-10001394,740,118,25
OFF-BI-10004230,476,129,9
OFF-PA-10003395,662,93,14
TEC-AC-10002402,317,193,23
TEC-AC-10003441,884,28,28
OFF-FA-10002280,626,22,5
OFF-SU-10000381,466,104,9
OFF-EN-10004459,217,45,4
FUR-CH-10000665,891,91,10
OFF-AP-10003884,92,67,3
TEC-PH-10001557,605,175,3
TEC-PH-10002085,334,136,29
OFF-AR-10002956,446,173,14
OFF-AP-10003266,61,172,16
TEC-MA-10004002,656,31,29
OFF-BI-10001071,351,152,24
OFF-PA-10001560,947,67,13
OFF-AR-10002578,302,56,27
FUR-BO-10001519,548,63,5
OFF-BI-10001294,803,34,27
OFF-BI-10001636,84,62,9
OFF-SU-10002503,776,195,10
OFF-LA-10004093,898,106,24
FUR-FU-10003878,139,89,6
TEC-AC-10000710,825,65,25
OFF-AR-10002335,654,127,21
OFF-PA-10001870,971,142,19
OFF-PA-10001019,651,190,12
OFF-SU-10002537,467,40,16
OFF-ST-10003221,164,170,29
OFF-AR-10003752,666,126,23
TEC-AC-10001714,952,99,10
OFF-AR-10003958,245,66,18
TEC-PH-10002923,875,136,28
OFF-LA-10004272,550,143,27
FUR-FU-10000965,675,162,13
OFF-LA-10004853,542,44,8
OFF-BI-10003719,124,55,11
OFF-BI-10000545,462,70,26
OFF-PA-10003591,425,34,27
OFF-PA-10001790,469,87,26
TEC-AC-10002049,778,40,11
OFF-BI-10003712,326,160,28
OFF-BI-10003984,810,38,14
FUR-FU-10001424,725,53,20
OFF-BI-10002071,443,97,12
OFF-ST-10002486,918,144,14
TEC-AC-10000927,506,136,22
OFF-PA-10001622,969,71,9
OFF-AR-10003158,241,46,9
TEC-PH-10002660,788,176,5
OFF-BI-10003364,738,175,16
OFF-EN-10001099,148,54,29
OFF-PA-10002250,597,155,12
OFF-BI-10004716,145,163,12
OFF-LA-10001045,713,125,2
OFF-BI-10001510,712,183,18
OFF-PA-10002947,239,177,16
OFF-PA-10000019,785,165,21
FUR-BO-10003441,86,21,7
TEC-PH-10004774,829,196,25
OFF-BI-10003684,418,96,23
TEC-PH-10001494,744,151,29
TEC-AC-10004666,574,109,26
OFF-ST-10003816,328,108,16
FUR-TA-10001520,266,113,10
OFF-ST-10001558,916,26,15
TEC-AC-10002473,922,114,19
TEC-PH-10004531,847,127,27
OFF-AP-10004487,322,93,18
OFF-PA-10003543,930,58,19
TEC-AC-10004353,111,160,6
OFF-AR-10001468,645,178,21
OFF-PA-10002195,929,90,21
OFF-PA-10001745,778,75,10
OFF-BI-10004826,391,189,12
OFF-PA-10000289,446,61,25
OFF-AP-10003040,748,55,23
OFF-PA-10000350,68,103,2
OFF-BI-10001759,226,137,19
OFF-ST-10001496,661,26,7
OFF-BI-10002931,445,73,28
FUR-TA-10002356,494,148,3
FUR-FU-10003601,282,191,16
FUR-TA-10004154,964,139,27
OFF-PA-10000788,125,192,22
FUR-FU-10001940,314,125,15
OFF-BI-10004465,504,66,6
OFF-PA-10002333,845,142,7
FUR-FU-10004188,767,160,7
OFF-BI-10000145,784,138,23
OFF-LA-10001613,433,169,19
OFF-LA-10004055,613,137,15
OFF-PA-10004621,900,40,11
OFF-PA-10001281,555,156,15
OFF-ST-10001097,416,45,14
FUR-FU-10001095,193,28,4
OFF-BI-10002012,934,34,7
OFF-PA-10004156,118,29,9
OFF-AR-10000034,148,141,13
TEC-PH-10000560,445,140,14
OFF-EN-10000461,74,144,12
TEC-MA-10003066,997,189,13
OFF-BI-10004022,940,91,2
OFF-AR-10001988,518,171,18
OFF-PA-10003625,533,68,17
OFF-BI-10003925,614,173,12
TEC-PH-10001530,200,110,14
OFF-EN-10003862,193,56,19
OFF-ST-10004258,618,87,12
FUR-FU-10002885,88,69,29
TEC-AC-10003033,158,171,13
OFF-ST-10000046,742,38,7
OFF-BI-10002049,91,119,10
FUR-FU-10001602,235,79,17
OFF-ST-10003722,984,186,5
TEC-AC-10003198,447,108,4
FUR-FU-10002191,272,165,29
TEC-PH-10004188,683,166,17
OFF-ST-10001526,182,183,25
OFF-AR-10001166,212,88,28
FUR-CH-10000309,264,194,27
TEC-MA-10004212,782,68,26
OFF-EN-10003072,284,127,13
OFF-BI-10000320,892,180,12
OFF-PA-10001166,707,138,6
OFF-PA-10003656,800,168,26
TEC-PH-10000148,637,169,19
TEC-PH-10003885,58,195,20
OFF-LA-10001175,123,56,24
OFF-PA-10000955,541,162,24
FUR-FU-10003975,962,182,7
OFF-BI-10003707,302,179,23
OFF-AR-10000203,279,30,19
OFF-AR-10004790,568,157,27
TEC-AC-10004761,223,97,7
FUR-BO-10001811,702,96,5
OFF-AR-10001130,217,172,13
OFF-AP-10000055,219,21,20
FUR-CH-10002304,442,83,28
FUR-FU-10000293,995,54,3
OFF-PA-10001307,844,26,18
FUR-FU-10004460,683,104,12
OFF-AR-10000716,243,165,12
FUR-FU-10004622,566,86,22
OFF-BI-10003529,78,61,17
OFF-BI-10001097,214,137,3
OFF-BI-10001597,471,144,3
OFF-FA-10001754,388,186,24
OFF-FA-10004838,697,188,9
TEC-PH-10002115,545,43,14
OFF-FA-10003059,414,65,11
OFF-BI-10004330,882,38,9
OFF-BI-10003669,391,87,5
OFF-BI-10003727,549,121,16
TEC-AC-10003447,706,61,2
OFF-AR-10000255,560,51,12
OFF-AP-10002191,376,186,8
OFF-PA-10000349,266,128,18
FUR-CH-10002880,350,55,28
OFF-PA-10003127,181,116,21
TEC-MA-10003979,853,183,25
OFF-PA-10000029,119,150,19
OFF-LA-10000452,301,92,23
TEC-PH-10001819,464,155,23
OFF-AR-10002952,836,116,13
TEC-PH-10000576,494,142,10
OFF-PA-10000605,925,89,6
OFF-ST-10004340,231,188,11
OFF-BI-10004001,216,32,5
FUR-TA-10004147,140,68,6
OFF-AR-10001545,763,79,29
TEC-AC-10001013,907,149,29
OFF-AR-10002255,580,24,11
OFF-PA-10001892,88,191,12
OFF-BI-10003676,175,46,22
OFF-FA-10003495,500,179,25
OFF-EN-10003798,222,168,11
TEC-PH-10003589,702,27,29
OFF-PA-10004735,803,69,9
FUR-BO-10002206,269,86,3
OFF-PA-10000141,687,63,24
TEC-PH-10001061,107,144,9
OFF-AR-10002375,709,77,17
OFF-EN-10001539,525,22,28
FUR-TA-10004086,505,105,23
OFF-PA-10000100,878,89,6
OFF-LA-10000973,944,149,28
OFF-ST-10001476,410,191,26
OFF-EN-10002831,984,21,4
OFF-PA-10001763,50,121,13
OFF-BI-10002072,436,54,14
OFF-FA-10001561,397,117,14
TEC-MA-10004241,239,49,11
OFF-AP-10003849,554,135,5
OFF-FA-10000735,240,27,10
OFF-BI-10003350,557,169,23
TEC-PH-10000307,418,63,25
TEC-CO-10004202,458,55,24
FUR-FU-10001852,873,96,28
OFF-AR-10003759,978,50,3
OFF-ST-10004337,983,66,20
FUR-TA-10001932,166,74,2
FUR-CH-10002126,183,125,26
OFF-AP-10000576,107,177,8
TEC-PH-10004700,605,140,18
OFF-BI-10003429,734,74,4
FUR-FU-10004952,721,163,21
OFF-PA-10003172,222,31,21
OFF-ST-10002352,878,164,22
OFF-PA-10002259,864,163,4
OFF-BI-10002976,198,159,4
OFF-BI-10003694,129,155,18
OFF-LA-10004425,935,22,8
FUR-CH-10001270,262,163,28
TEC-PH-10004539,252,49,27
OFF-AR-10001919,813,42,15
TEC-PH-10003655,278,111,18
OFF-BI-10004656,725,134,19
OFF-ST-10002344,276,123,14
TEC-PH-10004447,708,137,21
FUR-CH-10003973,581,24,21
OFF-PA-10000682,490,123,22
FUR-FU-10002268,451,127,28
TEC-AC-10001990,96,84,19
FUR-CH-10004540,282,140,5
OFF-ST-10002292,354,49,2
OFF-AR-10004999,575,168,19
OFF-BI-10001031,192,103,2
OFF-BI-10002432,464,169,27
FUR-FU-10001867,562,51,27
TEC-PH-10002200,422,180,14
TEC-PH-10000439,615,35,21
OFF-PA-10001685,935,57,21
OFF-ST-10001418,308,161,24
OFF-ST-10000676,705,55,11
OFF-AR-10001022,520,170,28
OFF-EN-10003055,61,133,12
TEC-CO-10001046,379,85,10
FUR-FU-10000076,785,124,10
FUR-FU-10003268,833,104,6
FUR-FU-10003691,407,21,27
OFF-AR-10003903,457,94,2
TEC-PH-10003442,717,86,18
OFF-BI-10004519,422,199,23
OFF-EN-10004955,57,170,3
FUR-TA-10004619,171,173,25
FUR-BO-10004467,397,74,14
OFF-AR-10002280,725,25,10
FUR-CH-10001708,139,182,5
OFF-AR-10000462,697,169,6
TEC-PH-10004165,747,190,12
FUR-FU-10003724,365,162,25
FUR-FU-10003535,227,105,20
OFF-ST-10003716,589,79,22
TEC-PH-10004586,781,120,4
OFF-BI-10004236,918,31,13
OFF-AR-10000422,90,68,27
OFF-PA-10002870,789,61,20
OFF-ST-10000563,753,185,20
OFF-BI-10002854,972,101,14
FUR-CH-10001973,551,192,29
TEC-AC-10000580,194,54,8
OFF-AR-10004022,250,177,16
TEC-AC-10004209,978,177,24
TEC-AC-10000023,773,153,8
TEC-PH-10003505,510,86,27
OFF-LA-10000121,781,99,9
OFF-BI-10002026,801,26,6
OFF-PA-10000994,974,199,22
OFF-BI-10002813,958,33,15
OFF-AR-10004817,607,92,5
OFF-AR-10001860,596,162,24
OFF-BI-10004970,302,168,11
OFF-PA-10002968,439,182,21
OFF-BI-10004632,643,85,16
FUR-BO-10003433,932,110,19
FUR-FU-10002554,305,149,21
TEC-PH-10003437,758,182,14
OFF-AP-10003971,864,39,9
FUR-CH-10003846,970,29,10
OFF-LA-10001404,499,44,17
OFF-LA-10001474,59,44,20
OFF-PA-10003072,873,73,17
FUR-FU-10004960,847,52,8
TEC-AC-10003116,291,183,15
OFF-AP-10004859,300,114,29
OFF-PA-10002659,926,33,15
OFF-BI-10004139,54,84,26
OFF-AR-10002818,168,129,28
OFF-AP-10001303,850,99,5
OFF-ST-10002574,423,73,27
FUR-FU-10004018,114,144,16
TEC-PH-10002549,195,199,4
OFF-PA-10004911,273,150,6
TEC-MA-10002178,288,188,2
OFF-AR-10000411,226,153,4
OFF-LA-10000262,828,44,16
OFF-PA-10000466,902,160,25
OFF-AR-10003829,331,136,28
OFF-BI-10001758,112,155,9
OFF-BI-10000136,266,168,5
OFF-ST-10000649,903,44,3
OFF-PA-10003641,876,98,25
FUR-CH-10002961,844,87,25
OFF-PA-10004041,738,192,11
TEC-PH-10001336,510,31,5
TEC-MA-10003183,978,51,4
TEC-AC-10001314,659,147,3
TEC-AC-10004510,154,115,26
OFF-BI-10000042,148,111,18
FUR-TA-10003008,560,160,24
OFF-AP-10003590,434,50,22
OFF-PA-10000806,454,97,25
OFF-AR-10000896,872,39,21
TEC-PH-10002310,567,165,24
OFF-ST-10002289,525,79,14
OFF-PA-10001289,758,153,6
OFF-FA-10000053,912,179,22
FUR-FU-10004091,694,112,10
OFF-EN-10003001,919,62,26
FUR-TA-10002958,820,149,26
FUR-TA-10001676,486,79,29
OFF-BI-10000822,72,170,23
OFF-PA-10004888,614,50,7
FUR-TA-10002622,726,24,6
OFF-PA-10000418,763,181,26
FUR-TA-10001039,507,29,11
OFF-AR-10002240,132,108,9
OFF-BI-10002867,194,149,8
FUR-FU-10003976,134,145,8
TEC-PH-10002922,127,30,7
OFF-PA-10000501,506,197,22
OFF-AP-10004980,927,178,21
TEC-PH-10001750,50,75,4
OFF-BI-10003708,100,102,20
OFF-BI-10001191,734,156,23
OFF-PA-10003673,766,118,16
OFF-PA-10001639,821,168,5
TEC-AC-10004975,495,92,29
OFF-BI-10004364,498,175,13
OFF-PA-10001712,930,134,7
FUR-CH-10004289,537,26,20
TEC-PH-10002564,849,99,5
OFF-BI-10004876,83,163,16
TEC-PH-10004348,397,116,10
OFF-BI-10004352,144,23,6
OFF-BI-10000666,121,23,14
TEC-MA-10000010,600,122,24
OFF-BI-10000977,203,59,27
FUR-TA-10002530,299,36,19
FUR-FU-10001473,723,120,6
OFF-BI-10001765,487,122,26
FUR-CH-10000847,167,143,17
OFF-PA-10001293,820,71,28
OFF-AR-10000634,940,71,20
FUR-FU-10004270,355,183,15
OFF-AR-10003770,317,143,26
OFF-LA-10003121,103,185,17
OFF-PA-10002262,285,197,28
OFF-PA-10002464,438,82,16
OFF-ST-10002214,783,135,23
OFF-PA-10000130,812,81,5
TEC-AC-10000865,874,26,8
OFF-FA-10003021,450,174,17
TEC-PH-10003580,673,111,25
TEC-AC-10001109,816,33,23
OFF-PA-10001838,352,105,22
OFF-ST-10004950,968,152,23
OFF-PA-10003823,256,149,22
TEC-PH-10001300,278,81,9
FUR-TA-10003715,902,168,18
TEC-MA-10004458,959,98,17
OFF-BI-10004965,627,168,28
OFF-AR-10001419,124,157,24
OFF-PA-10002586,484,77,11
OFF-AR-10002221,152,139,11
FUR-FU-10002456,471,186,28
OFF-FA-10004968,753,152,3
OFF-PA-10001274,813,84,10
OFF-PA-10001125,787,32,18
OFF-ST-10000344,855,101,12
OFF-ST-10003324,355,192,11
OFF-ST-10000419,147,179,23
OFF-AP-10001626,899,183,26
FUR-FU-10003981,847,158,18
OFF-ST-10001291,384,168,5
OFF-AP-10004868,908,71,17
OFF-LA-10002195,484,136,21
OFF-AR-10001315,496,45,16
OFF-EN-10003134,357,53,26
OFF-AR-10001955,298,71,28
OFF-LA-10001641,215,131,22
OFF-ST-10001370,530,101,6
TEC-AC-10003038,384,199,7
OFF-BI-10000088,591,176,18
OFF-AR-10003504,808,185,2
OFF-EN-10003160,155,61,26
TEC-AC-10003280,612,40,20
TEC-PH-10000169,130,61,5
OFF-PA-10001526,182,160,18
OFF-AP-10004336,846,132,10
OFF-PA-10001357,949,124,25
OFF-FA-10000992,187,36,3
OFF-AR-10001221,233,139,9
TEC-PH-10004830,450,156,16
OFF-PA-10004519,379,188,8
FUR-BO-10000362,834,148,28
OFF-PA-10000308,557,149,7
OFF-SU-10001165,901,79,2
FUR-FU-10001488,118,67,16
OFF-AR-10003251,595,48,24
OFF-AR-10001044,823,116,27
OFF-AR-10000823,102,29,8
OFF-AR-10004456,499,77,26
OFF-BI-10000591,254,40,18
TEC-PH-10000441,175,47,3
TEC-AC-10004855,796,53,28
OFF-AR-10001915,92,27,10
OFF-ST-10000352,801,196,10
OFF-PA-10000575,932,98,14
FUR-FU-10002937,160,164,7
TEC-AC-10003063,810,106,7
TEC-AC-10002049,712,107,21
FUR-FU-10004415,232,192,21
OFF-ST-10002011,897,88,22
TEC-PH-10000038,144,179,4
OFF-PA-10002689,423,191,18
TEC-CO-10001766,961,106,18
OFF-PA-10004359,569,120,13
OFF-FA-10001135,949,27,17
OFF-BI-10004224,409,96,16
TEC-PH-10003357,949,106,14
OFF-PA-10004475,745,62,24
OFF-PA-10003001,330,148,2
OFF-FA-10000611,244,128,18
OFF-BI-10001116,913,198,4
TEC-PH-10004922,244,171,27
OFF-BI-10002353,716,171,16
OFF-FA-10002676,142,36,5
TEC-AC-10003023,721,152,5
OFF-PA-10000167,995,167,19
TEC-PH-10002185,110,40,18
FUR-FU-10000758,683,77,20
TEC-MA-10004679,100,178,12
OFF-AP-10002495,452,129,21
OFF-BI-10002414,838,158,4
TEC-AC-10003133,54,199,9
TEC-AC-10002006,515,162,15
OFF-LA-10002381,653,154,27
OFF-FA-10001843,731,47,2
OFF-LA-10003077,878,70,15
OFF-PA-10003424,583,24,3
OFF-PA-10004405,454,24,24
FUR-BO-10003965,887,113,5
FUR-FU-10002088,562,115,25
TEC-AC-10000736,694,27,28
FUR-BO-10003966,282,83,20
OFF-AP-10000828,573,157,7
OFF-AP-10002906,395,57,26
OFF-AP-10003860,95,130,2
FUR-TA-10001307,595,131,18
OFF-PA-10001457,994,100,9
OFF-AP-10002082,127,155,20
TEC-AC-10003590,779,123,22
OFF-PA-10004355,862,172,2
OFF-PA-10004947,972,92,6
FUR-TA-10004607,122,197,28
OFF-PA-10003893,843,68,17
TEC-PH-10001817,298,55,7
FUR-BO-10000330,96,145,9
OFF-BI-10001900,170,87,14
FUR-BO-10003159,263,97,17
FUR-FU-10001591,288,124,4
OFF-LA-10002034,105,188,20
OFF-BI-10001628,399,141,13
OFF-ST-10000877,156,138,17
OFF-AR-10004752,880,133,28
OFF-PA-10000675,97,29,12
OFF-PA-10001609,622,168,11
TEC-PH-10001615,386,183,26
TEC-AC-10004568,75,159,21
FUR-CH-10001854,853,110,5
OFF-AR-10000475,306,21,13
TEC-PH-10000455,57,137,24
OFF-PA-10001994,674,32,3
TEC-AC-10002926,916,179,25
TEC-PH-10004897,302,114,23
FUR-FU-10001196,741,163,20
OFF-PA-10000595,768,51,26
OFF-LA-10000443,352,51,6
OFF-LA-10001771,688,143,9
OFF-AP-10001394,105,30,8
FUR-FU-10002553,775,29,15
OFF-AP-10004233,575,34,25
FUR-CH-10004754,523,36,24
OFF-PA-10000809,77,187,4
FUR-FU-10002878,127,165,19
TEC-PH-10002624,265,172,17
TEC-PH-10002885,435,78,24
TEC-PH-10000895,414,97,20
TEC-MA-10000488,715,143,20
OFF-PA-10003729,575,133,19
OFF-AP-10001005,748,41,21
FUR-CH-10000988,361,177,17
FUR-FU-10001986,932,191,9
FUR-FU-10004973,56,51,29
OFF-ST-10000464,52,198,2
OFF-PA-10000528,672,193,18
OFF-PA-10003129,968,132,13
OFF-AR-10003631,799,139,22
OFF-BI-10002133,412,168,12
TEC-PH-10004959,800,141,6
FUR-BO-10001918,557,51,28
FUR-FU-10001617,323,138,13
TEC-PH-10002824,555,58,18
OFF-PA-10003309,855,31,7
OFF-ST-10002554,788,194,2
OFF-AR-10002067,932,37,6
FUR-TA-10004175,64,168,26
FUR-TA-10004767,241,160,29
OFF-EN-10002621,680,168,15
OFF-LA-10003714,534,145,6
FUR-FU-10001889,77,155,23
OFF-AR-10003723,763,65,25
OFF-PA-10000241,88,123,28
OFF-AR-10001446,322,154,2
OFF-BI-10001359,280,170,19
OFF-EN-10001749,135,105,17
OFF-BI-10004390,523,169,10
TEC-PH-10004924,175,108,20
FUR-CH-10000155,861,41,23
OFF-BI-10001757,586,111,6
FUR-FU-10004093,194,48,28
FUR-FU-10001037,574,32,3
OFF-PA-10001878,261,21,16
TEC-MA-10003674,74,48,8
OFF-LA-10003190,629,199,5
TEC-PH-10001809,443,46,2
OFF-BI-10003091,116,69,14
FUR-CH-10003981,282,114,21
OFF-ST-10002562,158,170,23
TEC-PH-10004345,195,107,8
TEC-PH-10001198,160,63,16
OFF-PA-10001972,277,41,24
TEC-PH-10002483,160,190,15
FUR-BO-10000468,519,184,24
TEC-AC-10001284,83,116,20
OFF-BI-10002082,672,22,23
OFF-ST-10001505,825,137,25
OFF-AR-10004582,985,38,21
TEC-AC-10002842,418,42,25
OFF-AP-10004785,797,176,19
TEC-AC-10002217,644,49,11
OFF-BI-10002954,603,58,10
OFF-AP-10003281,474,127,26
OFF-SU-10000898,662,130,9
OFF-BI-10001249,567,44,27
TEC-AC-10002718,741,147,11
TEC-PH-10002352,331,130,18
FUR-CH-10003774,369,155,3
OFF-AR-10000127,787,125,7
TEC-PH-10003811,492,163,27
OFF-BI-10002393,364,91,6
FUR-TA-10002855,926,148,29
OFF-EN-10000781,790,127,10
OFF-PA-10002160,426,24,6
OFF-AR-10002257,338,22,19
OFF-FA-10004395,486,151,27
OFF-AP-10002534,711,123,21
FUR-BO-10003034,326,83,10
OFF-ST-10000943,759,125,18
OFF-PA-10000533,631,117,28
OFF-ST-10001172,552,29,18
OFF-PA-10001661,673,168,13
OFF-BI-10004817,565,147,8
FUR-CH-10003833,399,65,28
FUR-FU-10003142,892,174,4
TEC-AC-10001114,495,85,11
OFF-FA-10002975,879,188,3
OFF-ST-10003996,399,131,26
OFF-BI-10002571,656,32,4
OFF-PA-10000477,713,156,17
OFF-BI-10004209,872,183,3
TEC-AC-10002800,186,105,29
FUR-TA-10003954,808,109,25
TEC-AC-10003289,948,77,11
TEC-PH-10002468,292,73,7
OFF-PA-10001295,592,31,23
OFF-LA-10000248,89,33,27
OFF-FA-10004076,278,140,12
OFF-LA-10004008,597,181,24
OFF-AR-10001177,969,140,8
OFF-BI-10001718,272,39,28
OFF-AR-10004602,55,94,16
OFF-ST-10000078,371,163,7
OFF-PA-10000357,517,89,21
OFF-AR-10004272,781,75,28
TEC-PH-10001578,124,120,10
OFF-ST-10003638,53,151,23
FUR-BO-10002213,896,130,21
OFF-EN-10003040,695,144,13
TEC-PH-10000923,167,151,20
FUR-FU-10003623,930,39,21
OFF-AP-10000124,655,157,4
OFF-AR-10004511,553,43,16
OFF-PA-10003883,996,173,3
TEC-PH-10002807,623,56,22
FUR-FU-10002364,490,73,3
OFF-SU-10001664,243,122,23
FUR-TA-10003238,896,168,4
TEC-PH-10001536,764,57,7
OFF-AR-10004956,441,193,16
OFF-AR-10003696,75,23,28
OFF-PA-10000551,484,76,11
OFF-BI-10004506,222,192,10
OFF-PA-10000740,349,39,2
FUR-CH-10002084,694,36,17
OFF-AP-10000692,375,138,7
OFF-AP-10000252,459,90,10
FUR-FU-10004748,167,23,28
FUR-FU-10001473,885,33,5
OFF-AR-10000538,836,22,28
TEC-PH-10001079,773,99,29
OFF-AP-10003842,274,74,3
FUR-CH-10000553,581,151,5
OFF-AR-10003469,162,139,2
OFF-PA-10003790,189,43,20
FUR-BO-10002202,608,181,27
OFF-AP-10002765,50,177,26
OFF-ST-10003692,139,101,11
TEC-PH-10001051,703,166,22
OFF-AR-10000817,369,178,16
OFF-SU-10000952,599,79,28
FUR-FU-10004597,854,166,23
OFF-BI-10002982,943,68,20
OFF-PA-10004285,188,82,17
OFF-AP-10001391,560,129,22
OFF-PA-10000477,917,169,28
TEC-PH-10001944,894,171,25
OFF-PA-10001776,308,128,23
TEC-AC-10004145,722,95,5
OFF-PA-10003919,951,49,3
OFF-PA-10002001,739,77,26
OFF-PA-10002787,59,136,14
OFF-ST-10003123,310,178,29
FUR-FU-10000308,968,119,2
TEC-CO-10003763,699,38,18
FUR-TA-10001866,221,195,14
OFF-AP-10002222,947,192,5
OFF-PA-10003971,62,113,8
OFF-AP-10004036,217,132,18
OFF-AP-10002287,691,165,10
FUR-TA-10001950,645,82,5
TEC-PH-10001527,370,135,20
TEC-AC-10003095,368,132,2
TEC-AC-10000358,662,66,11
OFF-EN-10004147,378,76,5
FUR-FU-10001468,834,137,10
OFF-PA-10000380,826,64,14
OFF-AP-10000026,960,180,15
OFF-PA-10003936,969,164,11
FUR-FU-10002501,599,23,7
OFF-AP-10001205,468,167,17
OFF-PA-10000659,655,66,7
OFF-BI-10004141,144,162,18
OFF-BI-10000632,866,66,11
TEC-AC-10004864,630,97,19
TEC-MA-10000597,367,143,28
OFF-PA-10002960,285,94,23
OFF-PA-10000919,995,122,19
OFF-BI-10001553,383,156,4
OFF-AP-10004540,934,109,21
FUR-CH-10001714,425,163,28
FUR-FU-10002298,508,88,22
OFF-AR-10000315,186,80,26
OFF-FA-10000936,979,157,29
OFF-SU-10004768,637,69,16
OFF-PA-10002581,596,22,16
FUR-FU-10004848,562,126,5
OFF-AP-10002403,345,132,28
OFF-AR-10003087,369,113,10
TEC-PH-10000141,967,137,28
TEC-CO-10000971,621,100,27
OFF-FA-10001229,881,128,20
OFF-BI-10002437,398,70,25
OFF-PA-10004255,889,166,29
OFF-PA-10001184,828,189,18
TEC-AC-10002637,922,54,12
FUR-BO-10000780,278,65,26
TEC-PH-10003072,319,173,10
TEC-MA-10000112,877,88,11
TEC-AC-10004171,847,112,19
FUR-TA-10002645,340,83,21
OFF-BI-10003784,774,184,14
OFF-BI-10001617,214,68,9
FUR-CH-10002439,54,168,8
OFF-AP-10003057,900,93,18
FUR-TA-10000849,428,24,22
OFF-EN-10002973,127,119,24
OFF-BI-10003963,459,89,16
OFF-LA-10000081,623,109,21
OFF-PA-10000726,181,23,16
OFF-PA-10004983,650,145,2
FUR-FU-10002107,798,58,26
FUR-BO-10002213,91,182,15
FUR-CH-10001190,138,148,6
TEC-AC-10000682,451,43,12
OFF-LA-10004545,345,76,17
OFF-SU-10002557,889,119,3
TEC-PH-10000912,344,89,9
OFF-ST-10001837,665,60,12
OFF-AR-10001473,575,193,19
TEC-PH-10001835,849,79,4
OFF-PA-10002245,740,127,27
OFF-EN-10004483,686,76,2
OFF-SU-10000151,471,50,12
OFF-AP-10001293,914,103,17
TEC-PH-10000675,72,171,19
OFF-ST-10003470,624,55,17
OFF-LA-10004559,192,177,24
OFF-AP-10002651,714,171,11
TEC-AC-10002550,194,127,19
OFF-BI-10000829,274,125,7
TEC-PH-10002555,552,177,20
FUR-BO-10003450,870,105,5
FUR-FU-10004665,665,154,28
TEC-PH-10000369,153,182,14
TEC-AC-10001590,996,33,25
FUR-FU-10004909,88,139,15
FUR-BO-10004357,996,157,4
TEC-AC-10000387,247,99,11
OFF-BI-10001308,695,163,7
OFF-AP-10002734,628,125,2
FUR-FU-10004587,440,89,24
TEC-PH-10004833,228,63,25
FUR-FU-10001847,603,92,28
FUR-FU-10002045,497,64,15
FUR-FU-10004671,549,126,9
FUR-TA-10003569,64,103,20
TEC-PH-10002310,672,101,15
OFF-PA-10001752,718,126,11
TEC-MA-10003356,338,40,18
OFF-AR-10003727,527,197,10
TEC-AC-10001635,280,180,7
OFF-LA-10003663,972,26,12
TEC-CO-10004722,469,89,26
TEC-MA-10002210,206,146,8
OFF-BI-10003196,599,162,18
FUR-CH-10002017,490,179,29
FUR-FU-10003829,146,167,29
OFF-PA-10000697,460,162,2
OFF-AR-10004691,338,195,23
FUR-FU-10004270,303,168,6
OFF-BI-10000948,245,189,10
OFF-PA-10000223,647,173,19
OFF-PA-10000062,883,139,25
FUR-BO-10003404,571,147,28
OFF-BI-10004233,566,161,22
TEC-PH-10002834,684,76,3
FUR-CH-10003761,891,184,27
OFF-PA-10004665,914,77,12
OFF-BI-10001196,167,40,28
TEC-MA-10002981,855,101,29
TEC-PH-10003601,958,88,7
OFF-BI-10002003,208,150,27
OFF-PA-10003016,864,106,9
OFF-PA-10002246,277,184,5
TEC-PH-10002890,926,68,19
TEC-MA-10003626,265,166,29
TEC-MA-10002412,997,134,12
OFF-AR-10003183,745,108,6
OFF-PA-10002319,64,104,16
OFF-PA-10001246,206,147,29
OFF-PA-10001815,697,159,19
FUR-FU-10001876,310,188,3
TEC-PH-10004531,206,180,23
TEC-PH-10000673,96,197,12
TEC-PH-10002075,373,136,27
TEC-PH-10003691,893,146,26
OFF-SU-10000157,734,90,14
TEC-AC-10004227,179,105,5
TEC-AC-10004127,460,52,23
FUR-CH-10002758,144,100,8
OFF-ST-10000532,676,171,12
TEC-AC-10003709,804,80,23
OFF-BI-10003166,981,80,25
OFF-ST-10004835,341,117,5
OFF-AP-10000159,843,47,29
OFF-AP-10001242,860,62,16
TEC-AC-10003433,332,188,2
TEC-PH-10003187,118,186,24
OFF-FA-10002763,709,105,4
OFF-PA-10004239,60,196,15
OFF-PA-10004782,303,36,7
FUR-FU-10001185,891,117,19
OFF-PA-10003270,921,117,26
OFF-PA-10002421,599,84,2
OFF-PA-10002923,183,93,7
OFF-ST-10001128,761,104,7
OFF-PA-10000520,72,24,22
FUR-FU-10003832,864,21,17
FUR-FU-10000409,395,41,6
TEC-PH-10004389,351,131,18
OFF-SU-10000946,412,76,11
FUR-FU-10001546,445,85,29
OFF-PA-10000791,267,93,22
OFF-PA-10003739,190,117,19
FUR-FU-10000771,665,163,8
OFF-ST-10002615,259,131,4
OFF-PA-10000327,672,198,14
OFF-EN-10003286,665,144,16
OFF-AR-10003772,877,186,21
OFF-AR-10003338,732,105,20
FUR-FU-10002116,509,95,4
FUR-CH-10000422,405,107,5
FUR-FU-10002685,373,187,6
FUR-FU-10004963,182,57,2
OFF-BI-10000174,937,78,5
FUR-CH-10004875,854,157,13
FUR-FU-10000305,889,118,29
TEC-PH-10001459,176,82,28
FUR-FU-10002445,155,68,25
OFF-PA-10000213,653,51,11
FUR-CH-10001797,848,154,24
OFF-PA-10003848,427,40,26
FUR-FU-10000755,954,39,22
OFF-BI-10004654,100,173,27
FUR-FU-10000550,78,146,21
TEC-MA-10004521,511,87,25
OFF-BI-10003655,345,129,26
OFF-AP-10003779,346,135,14
OFF-FA-10002701,775,162,24
OFF-BI-10002799,828,139,15
OFF-AR-10003582,456,98,24
FUR-FU-10004666,818,135,6
OFF-EN-10002312,863,111,5
FUR-CH-10002320,662,33,15
OFF-AR-10001216,454,174,11
FUR-FU-10003247,395,144,18
FUR-TA-10003837,671,187,11
TEC-PH-10002350,469,77,27
TEC-AC-10000397,231,47,8
TEC-AC-10004001,874,45,17
OFF-PA-10001534,50,132,2
FUR-FU-10002379,880,85,18
TEC-PH-10000526,999,172,22
OFF-PA-10001977,616,150,10
FUR-BO-10003660,420,63,7
OFF-BI-10001267,985,116,20
OFF-PA-10002741,960,61,14
OFF-PA-10001471,710,25,4
TEC-MA-10001972,480,186,8
FUR-FU-10003464,358,199,23
TEC-PH-10002200,186,42,10
OFF-PA-10004438,251,108,23
FUR-FU-10004586,485,142,6
TEC-PH-10004908,362,197,11
FUR-CH-10004495,166,190,24
TEC-MA-10000418,715,166,18
OFF-BI-10004600,986,70,13
OFF-BI-10004040,852,30,24
OFF-AR-10001615,624,31,17
TEC-PH-10001299,293,93,4
OFF-AR-10004260,586,27,26
OFF-EN-10004773,651,171,23
OFF-BI-10001787,124,60,10
OFF-ST-10002957,855,183,16
OFF-FA-10001883,435,104,6
TEC-PH-10001644,952,91,24
OFF-LA-10000407,259,74,14
TEC-AC-10000420,524,156,15
OFF-EN-10004846,467,66,21
OFF-SU-10003567,396,162,16
OFF-ST-10002301,578,195,17
TEC-PH-10003095,689,123,24
TEC-PH-10004912,988,61,14
OFF-AR-10000799,925,79,18
OFF-PA-10004609,812,31,24
TEC-PH-10003171,228,149,9
OFF-AP-10000595,231,26,22
TEC-AC-10003399,713,99,3
TEC-MA-10002428,74,150,6
TEC-PH-10001128,229,128,7
OFF-PA-10001033,759,22,13
TEC-AC-10000474,550,46,19
FUR-FU-10002963,905,133,23
FUR-FU-10000193,210,126,23
OFF-BI-10000962,226,59,2
OFF-AP-10002867,334,180,18
FUR-BO-10002916,112,148,12
FUR-TA-10004152,711,27,11
FUR-FU-10000672,715,120,20
FUR-BO-10002598,205,179,15
OFF-ST-10004950,931,143,27
OFF-PA-10004610,518,195,11
FUR-FU-10000320,98,126,16
FUR-CH-10003535,898,120,29
FUR-FU-10003919,133,23,20
OFF-PA-10000174,410,129,5
FUR-FU-10002703,738,38,3
TEC-PH-10002415,197,51,10
OFF-AR-10000657,679,156,11
OFF-PA-10004996,391,31,29
OFF-PA-10003363,525,158,12
TEC-AC-10002305,112,65,15
TEC-AC-10000990,750,138,8
FUR-BO-10001608,409,35,24
FUR-BO-10000112,610,148,16
TEC-PH-10004120,376,82,23
OFF-BI-10003476,818,128,20
TEC-MA-10002859,785,138,23
OFF-AP-10001947,190,40,16
OFF-LA-10001982,264,177,29
TEC-PH-10003484,484,32,25
OFF-PA-10000007,940,181,9
OFF-PA-10000552,772,23,12
TEC-MA-10001148,367,175,10
OFF-AR-10004062,81,121,16
OFF-ST-10000321,719,78,2
OFF-AR-10001149,334,147,2
TEC-AC-10002134,354,46,20
TEC-PH-10004071,478,88,4
OFF-PA-10004039,526,44,11
TEC-AC-10002550,335,150,9
OFF-AR-10001725,193,116,16
OFF-AR-10004269,473,44,11
OFF-BI-10003007,68,167,2
OFF-PA-10002195,67,181,19
OFF-SU-10002522,818,173,3
TEC-AC-10004859,639,145,20
TEC-AC-10002558,420,152,14
FUR-FU-10001731,224,28,23
OFF-SU-10004782,243,135,2
OFF-SU-10000432,551,197,3
OFF-LA-10004409,162,153,17
OFF-ST-10001031,163,79,16
OFF-LA-10000476,271,191,14
OFF-AR-10002987,727,140,17
TEC-CO-10001571,996,158,18
FUR-FU-10003026,880,194,22
OFF-ST-10001034,693,127,8
TEC-AC-10000521,946,127,25
OFF-SU-10003002,313,150,27
TEC-PH-10000730,974,95,18
FUR-CH-10004983,104,49,8
OFF-FA-10001332,920,40,14
TEC-AC-10001874,692,175,6
OFF-BI-10000494,849,180,27
FUR-TA-10003469,827,182,18
OFF-AR-10003179,507,199,4
FUR-CH-10003606,927,53,8
FUR-CH-10003298,211,60,27
OFF-LA-10003537,429,70,18
OFF-PA-10000069,136,194,8
FUR-FU-10004017,104,101,22
OFF-PA-10004733,525,77,2
TEC-AC-10004814,849,94,18
OFF-SU-10002301,227,42,18
OFF-BI-10004318,440,195,12
FUR-FU-10004164,398,147,26
TEC-AC-10001539,57,169,28
TEC-PH-10002789,882,36,4
OFF-BI-10004828,362,88,16
OFF-AR-10001770,808,127,22
FUR-FU-10004904,884,158,12
FUR-FU-10002396,492,113,27
TEC-AC-10002331,816,34,29
TEC-AC-10001090,377,110,17
FUR-BO-10004218,103,182,26
TEC-PH-10001619,810,52,23
OFF-PA-10000246,288,144,29
OFF-PA-10001461,278,35,10
OFF-AR-10004165,628,181,25
OFF-EN-10001028,100,85,25
TEC-PH-10003535,658,187,2
FUR-FU-10001085,653,175,26
OFF-AR-10003481,313,66,23
OFF-PA-10002606,467,186,17
FUR-FU-10003731,852,167,10
OFF-AP-10001962,145,143,20
FUR-FU-10003798,137,20,13
OFF-AR-10002704,127,106,20
TEC-AC-10002942,337,147,23
TEC-MA-10001016,169,86,10
TEC-AC-10001553,863,23,8
FUR-FU-10001215,540,172,15
OFF-PA-10002499,961,66,20
TEC-PH-10003215,501,57,20
OFF-LA-10002945,549,162,3
OFF-AR-10002766,214,40,10
TEC-PH-10004434,231,76,14
FUR-BO-10000711,518,136,16
OFF-BI-10001120,959,65,4
OFF-AP-10004655,784,161,12
FUR-BO-10004360,872,164,22
TEC-AC-10000199,993,58,15
TEC-MA-10001127,56,156,26
OFF-AR-10001227,379,118,9
FUR-CH-10000229,824,96,19
FUR-BO-10002853,722,134,20
OFF-PA-10004022,200,153,17
OFF-PA-10004248,134,170,3
OFF-PA-10001363,196,110,9
OFF-BI-10003876,673,117,23
OFF-EN-10004007,430,139,7
FUR-BO-10003894,964,65,13
TEC-MA-10001570,597,57,16
FUR-FU-10003930,334,161,26
OFF-PA-10000232,749,119,9
OFF-AR-10001972,131,91,5
OFF-AR-10004587,563,54,16
OFF-AP-10001366,946,166,29
OFF-BI-10000216,864,49,21
TEC-MA-10001047,758,97,26
OFF-LA-10003720,965,103,18
TEC-MA-10003246,572,132,14
FUR-FU-10000175,795,44,19
OFF-PA-10000556,435,187,3
TEC-AC-10003237,756,107,14
OFF-EN-10003068,520,33,14
FUR-FU-10004053,168,173,23
OFF-PA-10000565,445,121,16
OFF-LA-10000414,581,169,21
OFF-AP-10002998,310,195,28
FUR-BO-10004690,854,102,11
OFF-AR-10002445,983,129,4
FUR-BO-10003546,305,198,20
FUR-TA-10003392,783,150,4
OFF-AR-10003217,954,189,23
OFF-ST-10001932,275,38,15
OFF-AR-10001761,102,47,9
OFF-EN-10003567,989,192,28
OFF-PA-10003022,916,90,24
FUR-TA-10004442,549,82,5
OFF-ST-10000129,555,92,28
OFF-PA-10004948,903,143,29
OFF-PA-10001725,413,138,21
TEC-PH-10000213,329,140,12
OFF-PA-10000807,642,38,27
OFF-ST-10003805,763,194,12
OFF-PA-10004353,207,161,28
OFF-EN-10004206,681,139,12
OFF-LA-10003388,108,185,3
TEC-PH-10000193,776,80,18
FUR-FU-10002111,177,183,10
OFF-ST-10000885,785,187,29
OFF-PA-10002709,770,49,29
FUR-FU-10003424,931,28,3
OFF-BI-10003718,164,83,25
FUR-FU-10002508,258,180,16
OFF-AP-10004052,575,139,17
OFF-PA-10003134,570,71,26
FUR-FU-10000719,601,108,5
FUR-BO-10003893,286,161,9
TEC-CO-10001943,330,72,10
FUR-CH-10000749,408,97,27
OFF-PA-10003228,250,60,27
TEC-AC-10001542,807,87,6
TEC-AC-10004877,327,27,17
TEC-PH-10001305,284,21,14
OFF-PA-10000483,543,124,8
TEC-AC-10000487,53,144,27
TEC-AC-10002018,715,129,21
OFF-PA-10004381,491,105,18
OFF-EN-10001453,78,188,4
OFF-SU-10001212,158,139,6
OFF-BI-10000201,659,146,20
TEC-AC-10004396,776,35,13
OFF-PA-10001166,854,81,28
OFF-AR-10002467,124,132,8
FUR-FU-10002813,887,195,29
TEC-MA-10000752,195,177,10
FUR-FU-10004845,177,31,29
OFF-FA-10000840,902,54,7
OFF-AR-10001231,91,30,27
TEC-PH-10004875,405,83,18
FUR-CH-10001802,90,69,17
TEC-PH-10003356,983,168,24
OFF-AP-10002670,83,88,4
OFF-FA-10003485,66,67,22
OFF-AP-10000390,726,39,27
OFF-PA-10002764,202,120,5
OFF-PA-10000143,427,191,11
TEC-MA-10000045,637,180,6
OFF-ST-10000136,648,156,22
TEC-PH-10004522,678,87,23
TEC-PH-10002584,923,54,11
FUR-CH-10004626,391,84,13
TEC-PH-10000562,76,27,11
FUR-FU-10001025,874,64,14
OFF-LA-10004178,336,106,12
OFF-PA-10003797,695,194,23
OFF-EN-10003448,780,187,17
OFF-AP-10000938,217,95,9
OFF-SU-10004737,659,95,9
FUR-TA-10001691,317,193,28
TEC-MA-10003173,798,66,26
OFF-LA-10000305,870,34,9
TEC-PH-10002583,504,124,14
OFF-AR-10003876,955,166,28
FUR-FU-10004864,734,45,3
OFF-PA-10003063,450,71,13
OFF-PA-10003302,971,112,11
TEC-MA-10000423,525,169,13
OFF-PA-10003022,751,40,12
TEC-AC-10004992,683,70,16
OFF-BI-10004099,607,57,17
OFF-PA-10001215,625,39,18
TEC-AC-10003870,179,176,27
OFF-AP-10000275,871,198,3
FUR-FU-10003192,412,151,19
OFF-PA-10000859,754,74,13
OFF-AR-10000614,868,111,20
OFF-FA-10000089,742,47,27
FUR-TA-10001771,341,23,24
FUR-CH-10002044,420,169,19
TEC-PH-10001795,843,95,18
FUR-TA-10001086,78,192,7
OFF-PA-10000048,198,86,26
TEC-MA-10002109,828,105,16
OFF-PA-10003036,345,181,4
TEC-PH-10001870,60,110,7
OFF-ST-10002182,561,124,4
TEC-PH-10001468,725,20,2
OFF-AR-10004010,162,91,14
OFF-ST-10003572,236,106,29
OFF-ST-10003994,856,185,22
FUR-CH-10001545,793,25,27
FUR-FU-10004245,276,172,15
OFF-EN-10002592,359,164,14
OFF-AR-10000914,147,80,28
OFF-LA-10003498,104,31,5
TEC-MA-10003329,672,25,8
FUR-FU-10000747,713,46,23
TEC-PH-10004100,807,155,11
OFF-ST-10000636,455,143,8
TEC-PH-10003174,118,125,22
OFF-PA-10001497,361,112,16
OFF-PA-10001952,338,128,16
OFF-SU-10004661,811,118,5
OFF-BI-10002026,597,187,24
OFF-PA-10001826,800,161,24
TEC-MA-10001031,197,54,7
TEC-MA-10003176,516,195,25
TEC-AC-10002647,788,103,21
TEC-PH-10002114,293,75,27
OFF-PA-10001593,540,196,6
TEC-AC-10004803,898,160,21
OFF-PA-10001801,556,68,13
TEC-PH-10000127,414,65,2
OFF-AP-10001564,531,132,29
TEC-AC-10004595,250,155,9
FUR-FU-10002874,203,62,2
FUR-FU-10003489,499,167,6
TEC-MA-10002073,550,143,23
TEC-PH-10004006,122,116,7
OFF-BI-10000279,762,109,22
OFF-PA-10000300,345,58,4
OFF-BI-10004308,66,104,16
TEC-PH-10004080,690,196,6
OFF-PA-10001260,266,81,29
OFF-ST-10004946,110,125,25
OFF-PA-10002109,988,126,15
TEC-MA-10004255,665,73,19
FUR-FU-10003095,91,145,17
FUR-FU-10000820,74,28,7
TEC-MA-10002930,88,107,26
OFF-PA-10003205,852,56,25
OFF-LA-10002368,180,68,15
TEC-MA-10003230,547,60,28
OFF-PA-10000295,278,36,25
OFF-SU-10004884,157,107,9
FUR-FU-10002240,221,40,8
FUR-FU-10001057,484,70,9
FUR-CH-10002073,527,78,14
OFF-AP-10003278,151,186,7
TEC-PH-10002070,915,60,19
FUR-FU-10000277,573,58,3
TEC-AC-10004420,324,160,9
TEC-PH-10004094,662,30,12
TEC-MA-10002790,93,166,2
OFF-AP-10001634,866,158,23
OFF-PA-10001837,66,96,7
OFF-AR-10003896,379,146,17
OFF-BI-10002897,618,65,28
OFF-PA-10001243,872,64,21
FUR-FU-10003806,546,20,13
TEC-MA-10000904,864,187,12
OFF-LA-10002473,61,127,28
FUR-FU-10003374,367,38,11
TEC-MA-10001856,641,95,4
OFF-ST-10003641,265,91,14
OFF-AR-10004707,388,128,28
TEC-MA-10004086,825,31,4
TEC-MA-10001695,710,180,16
FUR-FU-10002506,130,64,17
TEC-AC-10004518,776,109,14
OFF-AP-10000027,534,122,18
OFF-PA-10002558,423,27,4
TEC-AC-10000926,759,172,21
OFF-PA-10001846,249,110,12
TEC-MA-10003673,586,193,28
FUR-BO-10001567,515,106,22
FUR-FU-10001379,138,177,20
TEC-MA-10000984,317,194,23
OFF-AR-10000937,704,196,12
FUR-FU-10002030,620,194,29
OFF-FA-10000254,971,103,17
OFF-AP-10004136,538,101,22
TEC-AC-10002370,926,165,4
OFF-AR-10003986,587,87,23
OFF-SU-10004290,96,180,7
TEC-MA-10004552,337,146,15
OFF-PA-10000312,827,183,25
OFF-PA-10001001,65,101,19
OFF-PA-10001583,760,166,18
TEC-MA-10002694,450,175,5
TEC-MA-10004626,968,187,24
TEC-PH-10004241,843,103,16
OFF-SU-10003936,135,132,12
TEC-MA-10003337,299,95,27
OFF-PA-10000210,440,141,4
OFF-AR-10003477,831,162,4
FUR-CH-10002317,384,60,17
OFF-LA-10004677,678,186,6
FUR-CH-10002780,568,21,22
OFF-EN-10001535,186,48,11
TEC-MA-10003493,932,124,20
TEC-AC-10002380,737,70,26
TEC-PH-10002817,889,94,5
TEC-MA-10003589,547,29,20
OFF-AP-10003099,876,161,12
TEC-PH-10002645,776,70,3
OFF-ST-10001627,526,137,11
